;ticket_title;labels;priority;points;ticket_id;list_id;owner;list_name;team
0;Labelling top 10K / 7jours vs 2K;[{u'color': u'red', u'id': u'5bd1bdd38a03505a59981f8c', u'idBoard': u'5bc90376dd9b1466d5255e22', u'name': u'Labelling'}];;;5bd06cc4fe9ff3394c5973f9;5bd1b76ce6c94a3aa3f9bc02;[5b39db43ef6280f9a0721105];Done;
1;Sell Benchmark Key Metrics - Call Reason;[{u'color': None, u'id': u'5bcce83b65e8bc0f1e1abd97', u'idBoard': u'5bc90376dd9b1466d5255e22', u'name': u'Sell Launch'}, {u'color': u'green', u'id': u'5bc90376a724a908c08b2138', u'idBoard': u'5bc90376dd9b1466d5255e22', u'name': u'Front'}];;;5bcd8c4c92c2d32caffcde11;5bcd1caaa73c2502f6157da0;[5b8e32c757c7a61b70ec8fe1];To Do;Front
2;Sell Benchmark Ecosystem - Chart;[{u'color': None, u'id': u'5bcce83b65e8bc0f1e1abd97', u'idBoard': u'5bc90376dd9b1466d5255e22', u'name': u'Sell Launch'}, {u'color': u'green', u'id': u'5bc90376a724a908c08b2138', u'idBoard': u'5bc90376dd9b1466d5255e22', u'name': u'Front'}];;;5bcd8c4c4a1caf33a6dc6b30;5bcd1caaa73c2502f6157da0;[];To Do;Front
3;Sell Benchmark Key Metrics - App Coordination Metrics;[{u'color': None, u'id': u'5bcce83b65e8bc0f1e1abd97', u'idBoard': u'5bc90376dd9b1466d5255e22', u'name': u'Sell Launch'}, {u'color': u'yellow', u'id': u'5bc90376a724a908c08b2139', u'idBoard': u'5bc90376dd9b1466d5255e22', u'name': u'API'}];;;5bcd8c4ce96ac662fc0ad124;5bcd1caaa73c2502f6157da0;[56dc2c4f70fac630d6edcb74];To Do;API
4;Sell Market Alerts Scope - Meeting;[{u'color': None, u'id': u'5bcce83b65e8bc0f1e1abd97', u'idBoard': u'5bc90376dd9b1466d5255e22', u'name': u'Sell Launch'}, {u'color': u'yellow', u'id': u'5bc90376a724a908c08b2139', u'idBoard': u'5bc90376dd9b1466d5255e22', u'name': u'API'}];;;5bcd8c4c30b54d354e234da6;5bcd1caaa73c2502f6157da0;[];To Do;API
5;Daily collect setting adaptation - RXB Scraper - déploiement;[{u'color': None, u'id': u'5bcd18365b418c7815e2cb94', u'idBoard': u'5bc90376dd9b1466d5255e22', u'name': u'Currency'}, {u'color': u'red', u'id': u'5bc90376a724a908c08b213b', u'idBoard': u'5bc90376dd9b1466d5255e22', u'name': u'PI'}];;;5bcd8c4ca32c2b8770ed6046;5bcd1caaa73c2502f6157da0;[5b14fe940ea3caecf2730da7, 5b11207755e4e706bb81a64a];To Do;PI
6;Sell Market Alerts Scope - App Coordination Scope;[{u'color': None, u'id': u'5bcce83b65e8bc0f1e1abd97', u'idBoard': u'5bc90376dd9b1466d5255e22', u'name': u'Sell Launch'}, {u'color': u'yellow', u'id': u'5bc90376a724a908c08b2139', u'idBoard': u'5bc90376dd9b1466d5255e22', u'name': u'API'}];;;5bcd8c4c380945261ef7d791;5bcd1caaa73c2502f6157da0;[];To Do;API
7;Daily collect setting adaptation - Criteo - déploiement;[{u'color': None, u'id': u'5bcd18365b418c7815e2cb94', u'idBoard': u'5bc90376dd9b1466d5255e22', u'name': u'Currency'}, {u'color': u'red', u'id': u'5bc90376a724a908c08b213b', u'idBoard': u'5bc90376dd9b1466d5255e22', u'name': u'PI'}];;;5bcd8c4d8fc1ba0ed4ffa678;5bcd1caaa73c2502f6157da0;[5b14fe940ea3caecf2730da7, 5b11207755e4e706bb81a64a];To Do;PI
8;Daily collect setting adaptation - GDX Scraper - catch up;[{u'color': None, u'id': u'5bcd18365b418c7815e2cb94', u'idBoard': u'5bc90376dd9b1466d5255e22', u'name': u'Currency'}, {u'color': u'sky', u'id': u'5bcce0e8be4fa66e7b4bfe46', u'idBoard': u'5bc90376dd9b1466d5255e22', u'name': u'Support'}];;;5bcd8c4de9e6458f1a8dcc11;5bcd1caaa73c2502f6157da0;[];To Do;Support
9;Sell Benchmark Key Metrics - App Coordination Other;[{u'color': None, u'id': u'5bcce83b65e8bc0f1e1abd97', u'idBoard': u'5bc90376dd9b1466d5255e22', u'name': u'Sell Launch'}, {u'color': u'yellow', u'id': u'5bc90376a724a908c08b2139', u'idBoard': u'5bc90376dd9b1466d5255e22', u'name': u'API'}];;;5bcd8c4d8d29be7f97ab34a1;5bcd1caaa73c2502f6157da0;[];To Do;API
10;Daily collect setting adaptation - Test and wrap up;[{u'color': None, u'id': u'5bcd18365b418c7815e2cb94', u'idBoard': u'5bc90376dd9b1466d5255e22', u'name': u'Currency'}, {u'color': u'red', u'id': u'5bc90376a724a908c08b213b', u'idBoard': u'5bc90376dd9b1466d5255e22', u'name': u'PI'}];;;5bcd8c4dc9a69557de063cde;5bcd1caaa73c2502f6157da0;[5b14fe940ea3caecf2730da7, 5b11207755e4e706bb81a64a];To Do;PI
11;Daily collect setting adaptation - RXB Scraper - QA;[{u'color': None, u'id': u'5bcd18365b418c7815e2cb94', u'idBoard': u'5bc90376dd9b1466d5255e22', u'name': u'Currency'}, {u'color': u'lime', u'id': u'5bcce0e29b5316036267602e', u'idBoard': u'5bc90376dd9b1466d5255e22', u'name': u'QA'}];;;5bcd8c4d91374c5efad5fdc1;5bcd1caaa73c2502f6157da0;[];To Do;QA
12;Daily collect setting adaptation - RXB Scraper - catch up;[{u'color': None, u'id': u'5bcd18365b418c7815e2cb94', u'idBoard': u'5bc90376dd9b1466d5255e22', u'name': u'Currency'}, {u'color': u'sky', u'id': u'5bcce0e8be4fa66e7b4bfe46', u'idBoard': u'5bc90376dd9b1466d5255e22', u'name': u'Support'}];;;5bcd8c4d92c2d32caffcde27;5bcd1caaa73c2502f6157da0;[];To Do;Support
13;Daily collect setting adaptation - TDS - catch up;[{u'color': None, u'id': u'5bcd18365b418c7815e2cb94', u'idBoard': u'5bc90376dd9b1466d5255e22', u'name': u'Currency'}, {u'color': u'sky', u'id': u'5bcce0e8be4fa66e7b4bfe46', u'idBoard': u'5bc90376dd9b1466d5255e22', u'name': u'Support'}];;;5bcd8c4db0560535486de723;5bcd1caaa73c2502f6157da0;[];To Do;Support
14;Daily collect setting adaptation - Criteo - QA;[{u'color': None, u'id': u'5bcd18365b418c7815e2cb94', u'idBoard': u'5bc90376dd9b1466d5255e22', u'name': u'Currency'}, {u'color': u'lime', u'id': u'5bcce0e29b5316036267602e', u'idBoard': u'5bc90376dd9b1466d5255e22', u'name': u'QA'}];;;5bcd8c4de47e0d3658ae2ce8;5bcd1caaa73c2502f6157da0;[];To Do;QA
15;Daily collect setting adaptation - SPX - catch up;[{u'color': None, u'id': u'5bcd18365b418c7815e2cb94', u'idBoard': u'5bc90376dd9b1466d5255e22', u'name': u'Currency'}, {u'color': u'sky', u'id': u'5bcce0e8be4fa66e7b4bfe46', u'idBoard': u'5bc90376dd9b1466d5255e22', u'name': u'Support'}];;;5bcd8c4d15c7063660598495;5bcd1caaa73c2502f6157da0;[];To Do;Support
16;Daily collect setting adaptation - SPX - QA;[{u'color': None, u'id': u'5bcd18365b418c7815e2cb94', u'idBoard': u'5bc90376dd9b1466d5255e22', u'name': u'Currency'}, {u'color': u'lime', u'id': u'5bcce0e29b5316036267602e', u'idBoard': u'5bc90376dd9b1466d5255e22', u'name': u'QA'}];;;5bcd8c4d42f2ef05402f2dc5;5bcd1caaa73c2502f6157da0;[];To Do;QA
17;Daily collect setting adaptation - TDS - QA;[{u'color': None, u'id': u'5bcd18365b418c7815e2cb94', u'idBoard': u'5bc90376dd9b1466d5255e22', u'name': u'Currency'}, {u'color': u'lime', u'id': u'5bcce0e29b5316036267602e', u'idBoard': u'5bc90376dd9b1466d5255e22', u'name': u'QA'}];;;5bcd8c4d859fc85d5beef235;5bcd1caaa73c2502f6157da0;[];To Do;QA
18;Exploration - Workshop 2;[{u'color': None, u'id': u'5bcd17fc4d28182c2e99778c', u'idBoard': u'5bc90376dd9b1466d5255e22', u'name': u'Custom_User'}, {u'color': u'yellow', u'id': u'5bc90376a724a908c08b2139', u'idBoard': u'5bc90376dd9b1466d5255e22', u'name': u'API'}];;;5bcd8c4d15c706366059849c;5bcd1caaa73c2502f6157da0;[];To Do;API
19;Daily collect setting adaptation - Criteo - catch up;[{u'color': None, u'id': u'5bcd18365b418c7815e2cb94', u'idBoard': u'5bc90376dd9b1466d5255e22', u'name': u'Currency'}, {u'color': u'sky', u'id': u'5bcce0e8be4fa66e7b4bfe46', u'idBoard': u'5bc90376dd9b1466d5255e22', u'name': u'Support'}];;;5bcd8c4de4cdc547870931ff;5bcd1caaa73c2502f6157da0;[];To Do;Support
20;Exploration - Benchmark;[{u'color': None, u'id': u'5bcd17fc4d28182c2e99778c', u'idBoard': u'5bc90376dd9b1466d5255e22', u'name': u'Custom_User'}, {u'color': u'yellow', u'id': u'5bc90376a724a908c08b2139', u'idBoard': u'5bc90376dd9b1466d5255e22', u'name': u'API'}];;;5bcd8c4dfb007c7f9e23328d;5bcd1caaa73c2502f6157da0;[];To Do;API
21;New Labelling workflow to the post ETL - Code Review;[{u'color': None, u'id': u'5bcd183fd884c8699366e715', u'idBoard': u'5bc90376dd9b1466d5255e22', u'name': u'Labeling'}, {u'color': u'yellow', u'id': u'5bc90376a724a908c08b2139', u'idBoard': u'5bc90376dd9b1466d5255e22', u'name': u'API'}];;;5bcd8c4da32c2b8770ed6053;5bcd1caaa73c2502f6157da0;[];To Do;API
22;New Labelling workflow to the post ETL - Mapping Proposal fix worker;[{u'color': None, u'id': u'5bcd183fd884c8699366e715', u'idBoard': u'5bc90376dd9b1466d5255e22', u'name': u'Labeling'}, {u'color': u'orange', u'id': u'5bc90376a724a908c08b213a', u'idBoard': u'5bc90376dd9b1466d5255e22', u'name': u'DPS'}];;;5bcd8c4d8fc1ba0ed4ffa685;5bcd1caaa73c2502f6157da0;[5b112203e6202c34415dcfde];To Do;DPS
23;New Labelling workflow to the post ETL - Import Label and Mapping;[{u'color': None, u'id': u'5bcd183fd884c8699366e715', u'idBoard': u'5bc90376dd9b1466d5255e22', u'name': u'Labeling'}, {u'color': u'black', u'id': u'5bcce0efd8f4d227abff7a5a', u'idBoard': u'5bc90376dd9b1466d5255e22', u'name': u'Archi.'}];;;5bcd8c4d859fc85d5beef242;5bcd1caaa73c2502f6157da0;[];To Do;Archi.
24;New Labelling workflow to the post ETL - Adapt code with new bucket (Scala);[{u'color': None, u'id': u'5bcd183fd884c8699366e715', u'idBoard': u'5bc90376dd9b1466d5255e22', u'name': u'Labeling'}, {u'color': u'orange', u'id': u'5bc90376a724a908c08b213a', u'idBoard': u'5bc90376dd9b1466d5255e22', u'name': u'DPS'}];;;5bcd8c4de96ac662fc0ad131;5bcd1caaa73c2502f6157da0;[5b9637a81b8bf6766e957210];To Do;DPS
25;New Labelling workflow to the post ETL - Adapt code with new bucket (Ruby);[{u'color': None, u'id': u'5bcd183fd884c8699366e715', u'idBoard': u'5bc90376dd9b1466d5255e22', u'name': u'Labeling'}, {u'color': u'orange', u'id': u'5bc90376a724a908c08b213a', u'idBoard': u'5bc90376dd9b1466d5255e22', u'name': u'DPS'}];;;5bcd8c4dabecf40b55feae19;5bcd1caaa73c2502f6157da0;[5b9660ed32342874a47d0328];To Do;DPS
26;Daily collect setting adaptation - SPX - déploiement;[{u'color': None, u'id': u'5bcd18365b418c7815e2cb94', u'idBoard': u'5bc90376dd9b1466d5255e22', u'name': u'Currency'}, {u'color': u'red', u'id': u'5bc90376a724a908c08b213b', u'idBoard': u'5bc90376dd9b1466d5255e22', u'name': u'PI'}];;;5bcd8c4dbb482d1cac5298fb;5bcd1caaa73c2502f6157da0;[5b11207755e4e706bb81a64a, 5b14fe940ea3caecf2730da7];To Do;PI
27;Exploration - Workshop 1;[{u'color': None, u'id': u'5bcd17fc4d28182c2e99778c', u'idBoard': u'5bc90376dd9b1466d5255e22', u'name': u'Custom_User'}, {u'color': u'yellow', u'id': u'5bc90376a724a908c08b2139', u'idBoard': u'5bc90376dd9b1466d5255e22', u'name': u'API'}];;;5bcd8c4d4a1caf33a6dc6b43;5bcd1caaa73c2502f6157da0;[];To Do;API
28;V1 Media Type - AXB add media_type dimension catchup;[{u'color': None, u'id': u'5bcd1805a00a2101cc95a15c', u'idBoard': u'5bc90376dd9b1466d5255e22', u'name': u'Data_Improvements'}, {u'color': u'sky', u'id': u'5bcce0e8be4fa66e7b4bfe46', u'idBoard': u'5bc90376dd9b1466d5255e22', u'name': u'Support'}];;;5bcd8c4e94397c4c64585a80;5bcd1caaa73c2502f6157da0;[];To Do;Support
29;V1 Media Type - RXB add media_type dimension catchup;[{u'color': None, u'id': u'5bcd1805a00a2101cc95a15c', u'idBoard': u'5bc90376dd9b1466d5255e22', u'name': u'Data_Improvements'}, {u'color': u'sky', u'id': u'5bcce0e8be4fa66e7b4bfe46', u'idBoard': u'5bc90376dd9b1466d5255e22', u'name': u'Support'}];;;5bcd8c4e22ea4447803c00ba;5bcd1caaa73c2502f6157da0;[];To Do;Support
30;V1 Media Type - IDX add media_type dimension catchup;[{u'color': None, u'id': u'5bcd1805a00a2101cc95a15c', u'idBoard': u'5bc90376dd9b1466d5255e22', u'name': u'Data_Improvements'}, {u'color': u'sky', u'id': u'5bcce0e8be4fa66e7b4bfe46', u'idBoard': u'5bc90376dd9b1466d5255e22', u'name': u'Support'}];;;5bcd8c4e387f6964a22123fa;5bcd1caaa73c2502f6157da0;[];To Do;Support
31;New Labelling workflow to the post ETL - Request and Import Proposal;[{u'color': None, u'id': u'5bcd183fd884c8699366e715', u'idBoard': u'5bc90376dd9b1466d5255e22', u'name': u'Labeling'}, {u'color': u'black', u'id': u'5bcce0efd8f4d227abff7a5a', u'idBoard': u'5bc90376dd9b1466d5255e22', u'name': u'Archi.'}];;;5bcd8c4d0591a301865d7343;5bcd1caaa73c2502f6157da0;[5bbf1f203d2443419be530c9];To Do;Archi.
32;V1 Media Type - IDX add media_type dimension ETL;[{u'color': None, u'id': u'5bcd1805a00a2101cc95a15c', u'idBoard': u'5bc90376dd9b1466d5255e22', u'name': u'Data_Improvements'}, {u'color': u'orange', u'id': u'5bc90376a724a908c08b213a', u'idBoard': u'5bc90376dd9b1466d5255e22', u'name': u'DPS'}];;;5bcd8c4e47726d50ae6714af;5bcd1caaa73c2502f6157da0;[5b112203e6202c34415dcfde];To Do;DPS
33;New Labelling workflow to the post ETL - Workflow diagram;[{u'color': None, u'id': u'5bcd183fd884c8699366e715', u'idBoard': u'5bc90376dd9b1466d5255e22', u'name': u'Labeling'}, {u'color': u'black', u'id': u'5bcce0efd8f4d227abff7a5a', u'idBoard': u'5bc90376dd9b1466d5255e22', u'name': u'Archi.'}];;;5bcd8c4e4a1caf33a6dc6b46;5bcd1caaa73c2502f6157da0;[];To Do;Archi.
34;V1 Media Type - SMA add media_type dimension catchup;[{u'color': None, u'id': u'5bcd1805a00a2101cc95a15c', u'idBoard': u'5bc90376dd9b1466d5255e22', u'name': u'Data_Improvements'}, {u'color': u'sky', u'id': u'5bcce0e8be4fa66e7b4bfe46', u'idBoard': u'5bc90376dd9b1466d5255e22', u'name': u'Support'}];;;5bcd8c4ef85b8d649b416e1f;5bcd1caaa73c2502f6157da0;[];To Do;Support
35;V1 Media Type - GDX add media_type dimension catchup;[{u'color': None, u'id': u'5bcd1805a00a2101cc95a15c', u'idBoard': u'5bc90376dd9b1466d5255e22', u'name': u'Data_Improvements'}, {u'color': u'sky', u'id': u'5bcce0e8be4fa66e7b4bfe46', u'idBoard': u'5bc90376dd9b1466d5255e22', u'name': u'Support'}];;;5bcd8c4e8bdd6a505e6d5a4d;5bcd1caaa73c2502f6157da0;[];To Do;Support
36;V1 Media Type - IMP add media_type dimension catchup;[{u'color': None, u'id': u'5bcd1805a00a2101cc95a15c', u'idBoard': u'5bc90376dd9b1466d5255e22', u'name': u'Data_Improvements'}, {u'color': u'sky', u'id': u'5bcce0e8be4fa66e7b4bfe46', u'idBoard': u'5bc90376dd9b1466d5255e22', u'name': u'Support'}];;;5bcd8c4e323c62018057b55a;5bcd1caaa73c2502f6157da0;[];To Do;Support
37;V1 Media Type - AOL add media_type dimension catchup;[{u'color': None, u'id': u'5bcd1805a00a2101cc95a15c', u'idBoard': u'5bc90376dd9b1466d5255e22', u'name': u'Data_Improvements'}, {u'color': u'sky', u'id': u'5bcce0e8be4fa66e7b4bfe46', u'idBoard': u'5bc90376dd9b1466d5255e22', u'name': u'Support'}];;;5bcd8c4efb007c7f9e23329a;5bcd1caaa73c2502f6157da0;[];To Do;Support
38;V1 Media Type - ADF add media_type dimension catchup;[{u'color': None, u'id': u'5bcd1805a00a2101cc95a15c', u'idBoard': u'5bc90376dd9b1466d5255e22', u'name': u'Data_Improvements'}, {u'color': u'sky', u'id': u'5bcce0e8be4fa66e7b4bfe46', u'idBoard': u'5bc90376dd9b1466d5255e22', u'name': u'Support'}];;;5bcd8c4e271d4735435eb162;5bcd1caaa73c2502f6157da0;[];To Do;Support
39;Exploration - Workshop 1;[{u'color': None, u'id': u'5bcd17fc4d28182c2e99778c', u'idBoard': u'5bc90376dd9b1466d5255e22', u'name': u'Custom_User'}, {u'color': u'orange', u'id': u'5bc90376a724a908c08b213a', u'idBoard': u'5bc90376dd9b1466d5255e22', u'name': u'DPS'}];;;5bcd8c4e64125b339b7610e8;5bcd1caaa73c2502f6157da0;[5b9660ed32342874a47d0328];To Do;DPS
40;V1 Media Type - FWL add media_type dimension catchup;[{u'color': None, u'id': u'5bcd1805a00a2101cc95a15c', u'idBoard': u'5bc90376dd9b1466d5255e22', u'name': u'Data_Improvements'}, {u'color': u'sky', u'id': u'5bcce0e8be4fa66e7b4bfe46', u'idBoard': u'5bc90376dd9b1466d5255e22', u'name': u'Support'}];;;5bcd8c4e92e58319979c9f5b;5bcd1caaa73c2502f6157da0;[];To Do;Support
41;V1 Media Type - TDS add media_type dimension catchup;[{u'color': None, u'id': u'5bcd1805a00a2101cc95a15c', u'idBoard': u'5bc90376dd9b1466d5255e22', u'name': u'Data_Improvements'}, {u'color': u'sky', u'id': u'5bcce0e8be4fa66e7b4bfe46', u'idBoard': u'5bc90376dd9b1466d5255e22', u'name': u'Support'}];;;5bcd8c4ee2d024339316ff40;5bcd1caaa73c2502f6157da0;[];To Do;Support
42;V1 Media Type - TPL add media_type dimension catchup;[{u'color': None, u'id': u'5bcd1805a00a2101cc95a15c', u'idBoard': u'5bc90376dd9b1466d5255e22', u'name': u'Data_Improvements'}, {u'color': u'sky', u'id': u'5bcce0e8be4fa66e7b4bfe46', u'idBoard': u'5bc90376dd9b1466d5255e22', u'name': u'Support'}];;;5bcd8c4eeb24c92a49536bb0;5bcd1caaa73c2502f6157da0;[];To Do;Support
43;Daily collect setting adaptation - GDX Scraper - déploiement;[{u'color': None, u'id': u'5bcd18365b418c7815e2cb94', u'idBoard': u'5bc90376dd9b1466d5255e22', u'name': u'Currency'}, {u'color': u'red', u'id': u'5bc90376a724a908c08b213b', u'idBoard': u'5bc90376dd9b1466d5255e22', u'name': u'PI'}];;;5bcd8c4e87c21d354abe1097;5bcd1caaa73c2502f6157da0;[5b11207755e4e706bb81a64a, 5b14fe940ea3caecf2730da7];To Do;PI
44;V1 Media Type - AOL add media_type dimension ETL;[{u'color': None, u'id': u'5bcd1805a00a2101cc95a15c', u'idBoard': u'5bc90376dd9b1466d5255e22', u'name': u'Data_Improvements'}, {u'color': u'orange', u'id': u'5bc90376a724a908c08b213a', u'idBoard': u'5bc90376dd9b1466d5255e22', u'name': u'DPS'}];;;5bcd8c4e380945261ef7d7ab;5bcd1caaa73c2502f6157da0;[5b9660ed32342874a47d0328];To Do;DPS
45;Daily collect setting adaptation - TDS - déploiement;[{u'color': None, u'id': u'5bcd18365b418c7815e2cb94', u'idBoard': u'5bc90376dd9b1466d5255e22', u'name': u'Currency'}, {u'color': u'red', u'id': u'5bc90376a724a908c08b213b', u'idBoard': u'5bc90376dd9b1466d5255e22', u'name': u'PI'}];;;5bcd8c4e64125b339b7610eb;5bcd1caaa73c2502f6157da0;[5b11207755e4e706bb81a64a, 5b14fe940ea3caecf2730da7];To Do;PI
46;V1 Media Type - OBR add media_type dimension catchup;[{u'color': None, u'id': u'5bcd1805a00a2101cc95a15c', u'idBoard': u'5bc90376dd9b1466d5255e22', u'name': u'Data_Improvements'}, {u'color': u'sky', u'id': u'5bcce0e8be4fa66e7b4bfe46', u'idBoard': u'5bc90376dd9b1466d5255e22', u'name': u'Support'}];;;5bcd8c4e22ea4447803c00c7;5bcd1caaa73c2502f6157da0;[];To Do;Support
47;Lost ad request feed - Linkedin - Design meeting;[{u'color': None, u'id': u'5bcd1805a00a2101cc95a15c', u'idBoard': u'5bc90376dd9b1466d5255e22', u'name': u'Data_Improvements'}, {u'color': u'orange', u'id': u'5bc90376a724a908c08b213a', u'idBoard': u'5bc90376dd9b1466d5255e22', u'name': u'DPS'}];;;5bcd8c4e4a1caf33a6dc6b69;5bcd1caaa73c2502f6157da0;[5b9660ed32342874a47d0328, 5b9637a81b8bf6766e957210, 5b112203e6202c34415dcfde];To Do;DPS
48;V1 Media Type - AOL add media_type dimension catchup;[{u'color': None, u'id': u'5bcd1805a00a2101cc95a15c', u'idBoard': u'5bc90376dd9b1466d5255e22', u'name': u'Data_Improvements'}, {u'color': u'sky', u'id': u'5bcce0e8be4fa66e7b4bfe46', u'idBoard': u'5bc90376dd9b1466d5255e22', u'name': u'Support'}];;;5bcd8c4edaed5a33a0dfbc17;5bcd1caaa73c2502f6157da0;[];To Do;Support
49;Exploration - Benchmark;[{u'color': None, u'id': u'5bcd17fc4d28182c2e99778c', u'idBoard': u'5bc90376dd9b1466d5255e22', u'name': u'Custom_User'}, {u'color': u'orange', u'id': u'5bc90376a724a908c08b213a', u'idBoard': u'5bc90376dd9b1466d5255e22', u'name': u'DPS'}];;;5bcd8c4d9e7424724673c900;5bcd1caaa73c2502f6157da0;[5b8cf2c5f8cda84582e08b75];To Do;DPS
50;Exploration - Workshop 2;[{u'color': None, u'id': u'5bcd17fc4d28182c2e99778c', u'idBoard': u'5bc90376dd9b1466d5255e22', u'name': u'Custom_User'}, {u'color': u'orange', u'id': u'5bc90376a724a908c08b213a', u'idBoard': u'5bc90376dd9b1466d5255e22', u'name': u'DPS'}];;;5bcd8c4deb24c92a49536b89;5bcd1caaa73c2502f6157da0;[5b8cf2c5f8cda84582e08b75];To Do;DPS
51;V1 Media Type - RXB add media_type dimension ETL;[{u'color': None, u'id': u'5bcd1805a00a2101cc95a15c', u'idBoard': u'5bc90376dd9b1466d5255e22', u'name': u'Data_Improvements'}, {u'color': u'orange', u'id': u'5bc90376a724a908c08b213a', u'idBoard': u'5bc90376dd9b1466d5255e22', u'name': u'DPS'}];;;5bcd8c4eb82d9a0c26478312;5bcd1caaa73c2502f6157da0;[5b112203e6202c34415dcfde];To Do;DPS
52;V1 Media Type - OBR add media_type dimension ETL;[{u'color': None, u'id': u'5bcd1805a00a2101cc95a15c', u'idBoard': u'5bc90376dd9b1466d5255e22', u'name': u'Data_Improvements'}, {u'color': u'orange', u'id': u'5bc90376a724a908c08b213a', u'idBoard': u'5bc90376dd9b1466d5255e22', u'name': u'DPS'}];;;5bcd8c4e8d29be7f97ab350e;5bcd1caaa73c2502f6157da0;[5b9660ed32342874a47d0328];To Do;DPS
53;V1 Media Type - Media Types QA;[{u'color': None, u'id': u'5bcd1805a00a2101cc95a15c', u'idBoard': u'5bc90376dd9b1466d5255e22', u'name': u'Data_Improvements'}, {u'color': u'lime', u'id': u'5bcce0e29b5316036267602e', u'idBoard': u'5bc90376dd9b1466d5255e22', u'name': u'QA'}];;;5bcd8c4e323c62018057b567;5bcd1caaa73c2502f6157da0;[];To Do;QA
54;Lost ad request feed - Linkedin - modify cloud export;[{u'color': None, u'id': u'5bcd1805a00a2101cc95a15c', u'idBoard': u'5bc90376dd9b1466d5255e22', u'name': u'Data_Improvements'}, {u'color': u'orange', u'id': u'5bc90376a724a908c08b213a', u'idBoard': u'5bc90376dd9b1466d5255e22', u'name': u'DPS'}];;;5bcd8c4e35a9a657d80c248a;5bcd1caaa73c2502f6157da0;[5b112203e6202c34415dcfde];To Do;DPS
55;Lost ad request feed - Linkedin - Feedback;[{u'color': None, u'id': u'5bcd1805a00a2101cc95a15c', u'idBoard': u'5bc90376dd9b1466d5255e22', u'name': u'Data_Improvements'}, {u'color': u'orange', u'id': u'5bc90376a724a908c08b213a', u'idBoard': u'5bc90376dd9b1466d5255e22', u'name': u'DPS'}];;;5bcd8c4f91374c5efad5fdd3;5bcd1caaa73c2502f6157da0;[5b9660ed32342874a47d0328, 5b9637a81b8bf6766e957210, 5bb1f4f4a5f45980e29e6ce3];To Do;DPS
56;Lost ad request feed - Linkedin - integrate the new feeds auctions in the hourly processing;[{u'color': None, u'id': u'5bcd1805a00a2101cc95a15c', u'idBoard': u'5bc90376dd9b1466d5255e22', u'name': u'Data_Improvements'}, {u'color': u'orange', u'id': u'5bc90376a724a908c08b213a', u'idBoard': u'5bc90376dd9b1466d5255e22', u'name': u'DPS'}];;;5bcd8c4fba10400b07ee169f;5bcd1caaa73c2502f6157da0;[5b9660ed32342874a47d0328];To Do;DPS
57;V1 Media Type - Deploy in Production;[{u'color': None, u'id': u'5bcd1805a00a2101cc95a15c', u'idBoard': u'5bc90376dd9b1466d5255e22', u'name': u'Data_Improvements'}, {u'color': u'purple', u'id': u'5bc90376a724a908c08b213e', u'idBoard': u'5bc90376dd9b1466d5255e22', u'name': u'OPS'}];;;5bcd8c4f100703477e1b2410;5bcd1caaa73c2502f6157da0;[];To Do;OPS
58;Lost ad request feed - Linkedin - Deploy in Production;[{u'color': None, u'id': u'5bcd1805a00a2101cc95a15c', u'idBoard': u'5bc90376dd9b1466d5255e22', u'name': u'Data_Improvements'}, {u'color': u'purple', u'id': u'5bc90376a724a908c08b213e', u'idBoard': u'5bc90376dd9b1466d5255e22', u'name': u'OPS'}];;;5bcd8c4f3629bc0eda6aa62f;5bcd1caaa73c2502f6157da0;[];To Do;OPS
59;Lost ad request feed - Linkedin - Preproduction test;[{u'color': None, u'id': u'5bcd1805a00a2101cc95a15c', u'idBoard': u'5bc90376dd9b1466d5255e22', u'name': u'Data_Improvements'}, {u'color': u'orange', u'id': u'5bc90376a724a908c08b213a', u'idBoard': u'5bc90376dd9b1466d5255e22', u'name': u'DPS'}];;;5bcd8c4f387f6964a2212410;5bcd1caaa73c2502f6157da0;[5b9660ed32342874a47d0328];To Do;DPS
60;Prerequisites - Confirm PG version;[{u'color': None, u'id': u'5bcd187103453c5308ca3c8b', u'idBoard': u'5bc90376dd9b1466d5255e22', u'name': u'Database'}, {u'color': u'yellow', u'id': u'5bc90376a724a908c08b2139', u'idBoard': u'5bc90376dd9b1466d5255e22', u'name': u'API'}];;;5bcd8c4fbb8fb84784c811a7;5bcd1caaa73c2502f6157da0;[];To Do;API
61;V1 Media Type - OPX add media_type dimension catchup;[{u'color': None, u'id': u'5bcd1805a00a2101cc95a15c', u'idBoard': u'5bc90376dd9b1466d5255e22', u'name': u'Data_Improvements'}, {u'color': u'sky', u'id': u'5bcce0e8be4fa66e7b4bfe46', u'idBoard': u'5bc90376dd9b1466d5255e22', u'name': u'Support'}];;;5bcd8c4f64125b339b7610f5;5bcd1caaa73c2502f6157da0;[];To Do;Support
62;Prerequisites - Add urls and DNS;[{u'color': None, u'id': u'5bcd187103453c5308ca3c8b', u'idBoard': u'5bc90376dd9b1466d5255e22', u'name': u'Database'}, {u'color': u'purple', u'id': u'5bc90376a724a908c08b213e', u'idBoard': u'5bc90376dd9b1466d5255e22', u'name': u'OPS'}];;;5bcd8c4f4e900350a50a077b;5bcd1caaa73c2502f6157da0;[];To Do;OPS
63;Prerequisites - Alerting;[{u'color': None, u'id': u'5bcd187103453c5308ca3c8b', u'idBoard': u'5bc90376dd9b1466d5255e22', u'name': u'Database'}, {u'color': u'purple', u'id': u'5bc90376a724a908c08b213e', u'idBoard': u'5bc90376dd9b1466d5255e22', u'name': u'OPS'}];;;5bcd8c4f5f12e435858019be;5bcd1caaa73c2502f6157da0;[];To Do;OPS
64;Prerequisites - Terraformation bases;[{u'color': None, u'id': u'5bcd187103453c5308ca3c8b', u'idBoard': u'5bc90376dd9b1466d5255e22', u'name': u'Database'}, {u'color': u'purple', u'id': u'5bc90376a724a908c08b213e', u'idBoard': u'5bc90376dd9b1466d5255e22', u'name': u'OPS'}];;;5bcd8c4f7818f5845e735ed1;5bcd1caaa73c2502f6157da0;[];To Do;OPS
65;Lost ad request feed - Linkedin - Change anx_avro_extract job;[{u'color': None, u'id': u'5bcd1805a00a2101cc95a15c', u'idBoard': u'5bc90376dd9b1466d5255e22', u'name': u'Data_Improvements'}, {u'color': u'orange', u'id': u'5bc90376a724a908c08b213a', u'idBoard': u'5bc90376dd9b1466d5255e22', u'name': u'DPS'}];;;5bcd8c4f1b072c2a38eb8cdb;5bcd1caaa73c2502f6157da0;[5b9660ed32342874a47d0328];To Do;DPS
66;Upgrade - Env : Dev - First Step;[{u'color': None, u'id': u'5bcd187103453c5308ca3c8b', u'idBoard': u'5bc90376dd9b1466d5255e22', u'name': u'Database'}, {u'color': u'purple', u'id': u'5bc90376a724a908c08b213e', u'idBoard': u'5bc90376dd9b1466d5255e22', u'name': u'OPS'}];;;5bcd8c4f323c62018057b574;5bcd1caaa73c2502f6157da0;[];To Do;OPS
67;Daily collect setting adaptation - GDX Scraper - QA;[{u'color': None, u'id': u'5bcd18365b418c7815e2cb94', u'idBoard': u'5bc90376dd9b1466d5255e22', u'name': u'Currency'}, {u'color': u'lime', u'id': u'5bcce0e29b5316036267602e', u'idBoard': u'5bc90376dd9b1466d5255e22', u'name': u'QA'}];;;5bcd8c4f4fbac71cb2f0efe3;5bcd1caaa73c2502f6157da0;[];To Do;QA
68;Upgrade - Env : Dev - Post-operations;[{u'color': None, u'id': u'5bcd187103453c5308ca3c8b', u'idBoard': u'5bc90376dd9b1466d5255e22', u'name': u'Database'}, {u'color': u'purple', u'id': u'5bc90376a724a908c08b213e', u'idBoard': u'5bc90376dd9b1466d5255e22', u'name': u'OPS'}];;;5bcd8c4f4007cc357d5adebb;5bcd1caaa73c2502f6157da0;[];To Do;OPS
69;Upgrade - Env : Preprod - Second Step;[{u'color': None, u'id': u'5bcd187103453c5308ca3c8b', u'idBoard': u'5bc90376dd9b1466d5255e22', u'name': u'Database'}, {u'color': u'purple', u'id': u'5bc90376a724a908c08b213e', u'idBoard': u'5bc90376dd9b1466d5255e22', u'name': u'OPS'}];;;5bcd8c4f47726d50ae6714bc;5bcd1caaa73c2502f6157da0;[];To Do;OPS
70;Upgrade - Env : Dev - Second Step;[{u'color': None, u'id': u'5bcd187103453c5308ca3c8b', u'idBoard': u'5bc90376dd9b1466d5255e22', u'name': u'Database'}, {u'color': u'purple', u'id': u'5bc90376a724a908c08b213e', u'idBoard': u'5bc90376dd9b1466d5255e22', u'name': u'OPS'}];;;5bcd8c4f387f6964a2212447;5bcd1caaa73c2502f6157da0;[];To Do;OPS
71;Upgrade - Env : Preprod - First Step;[{u'color': None, u'id': u'5bcd187103453c5308ca3c8b', u'idBoard': u'5bc90376dd9b1466d5255e22', u'name': u'Database'}, {u'color': u'purple', u'id': u'5bc90376a724a908c08b213e', u'idBoard': u'5bc90376dd9b1466d5255e22', u'name': u'OPS'}];;;5bcd8c4f92c2d32caffcde34;5bcd1caaa73c2502f6157da0;[];To Do;OPS
72;Upgrade - Env : Dev - Migration and Validation;[{u'color': None, u'id': u'5bcd187103453c5308ca3c8b', u'idBoard': u'5bc90376dd9b1466d5255e22', u'name': u'Database'}, {u'color': u'purple', u'id': u'5bc90376a724a908c08b213e', u'idBoard': u'5bc90376dd9b1466d5255e22', u'name': u'OPS'}];;;5bcd8c4fdaed5a33a0dfbc24;5bcd1caaa73c2502f6157da0;[];To Do;OPS
73;New Labelling workflow to the post ETL - Deploy;[{u'color': None, u'id': u'5bcd183fd884c8699366e715', u'idBoard': u'5bc90376dd9b1466d5255e22', u'name': u'Labeling'}, {u'color': u'purple', u'id': u'5bc90376a724a908c08b213e', u'idBoard': u'5bc90376dd9b1466d5255e22', u'name': u'OPS'}];;;5bcd8c4f4fbac71cb2f0efe4;5bcd1caaa73c2502f6157da0;[];To Do;OPS
74;Upgrade - Env : Preprod - Post-operations;[{u'color': None, u'id': u'5bcd187103453c5308ca3c8b', u'idBoard': u'5bc90376dd9b1466d5255e22', u'name': u'Database'}, {u'color': u'purple', u'id': u'5bc90376a724a908c08b213e', u'idBoard': u'5bc90376dd9b1466d5255e22', u'name': u'OPS'}];;;5bcd8c4ffb007c7f9e2332a7;5bcd1caaa73c2502f6157da0;[];To Do;OPS
75;Upgrade - Env : Prod - First Step;[{u'color': None, u'id': u'5bcd187103453c5308ca3c8b', u'idBoard': u'5bc90376dd9b1466d5255e22', u'name': u'Database'}, {u'color': u'purple', u'id': u'5bc90376a724a908c08b213e', u'idBoard': u'5bc90376dd9b1466d5255e22', u'name': u'OPS'}];;;5bcd8c4fabf021016e0e7b99;5bcd1caaa73c2502f6157da0;[];To Do;OPS
76;Upgrade - Env : Prod - Second Step;[{u'color': None, u'id': u'5bcd187103453c5308ca3c8b', u'idBoard': u'5bc90376dd9b1466d5255e22', u'name': u'Database'}, {u'color': u'purple', u'id': u'5bc90376a724a908c08b213e', u'idBoard': u'5bc90376dd9b1466d5255e22', u'name': u'OPS'}];;;5bcd8c4fc0650b2625c4dbb5;5bcd1caaa73c2502f6157da0;[];To Do;OPS
77;Upgrade - Env : Preprod - Migration and Validation;[{u'color': None, u'id': u'5bcd187103453c5308ca3c8b', u'idBoard': u'5bc90376dd9b1466d5255e22', u'name': u'Database'}, {u'color': u'purple', u'id': u'5bc90376a724a908c08b213e', u'idBoard': u'5bc90376dd9b1466d5255e22', u'name': u'OPS'}];;;5bcd8c4f55f0a364facdf121;5bcd1caaa73c2502f6157da0;[];To Do;OPS
78;Upgrade - Env : Prod - Post-operations;[{u'color': None, u'id': u'5bcd187103453c5308ca3c8b', u'idBoard': u'5bc90376dd9b1466d5255e22', u'name': u'Database'}, {u'color': u'purple', u'id': u'5bc90376a724a908c08b213e', u'idBoard': u'5bc90376dd9b1466d5255e22', u'name': u'OPS'}];;;5bcd8c4fabecf40b55feae26;5bcd1caaa73c2502f6157da0;[];To Do;OPS
79;Upgrade - Final Validation and Communication;[{u'color': None, u'id': u'5bcd187103453c5308ca3c8b', u'idBoard': u'5bc90376dd9b1466d5255e22', u'name': u'Database'}, {u'color': u'purple', u'id': u'5bc90376a724a908c08b213e', u'idBoard': u'5bc90376dd9b1466d5255e22', u'name': u'OPS'}];;;5bcd8c4f577ef92b0d62a3f1;5bcd1caaa73c2502f6157da0;[];To Do;OPS
80;MW Video Launch - Mapping FWL Brands;[{u'color': None, u'id': u'5bcd18136dcbbe2bd120a929', u'idBoard': u'5bc90376dd9b1466d5255e22', u'name': u'MW_Video'}, {u'color': u'sky', u'id': u'5bcce0e8be4fa66e7b4bfe46', u'idBoard': u'5bc90376dd9b1466d5255e22', u'name': u'Support'}];;;5bcd8c4f8d29be7f97ab3590;5bcd1caaa73c2502f6157da0;[];To Do;Support
81;MW Video Launch - Program reprocessing;[{u'color': None, u'id': u'5bcd18136dcbbe2bd120a929', u'idBoard': u'5bc90376dd9b1466d5255e22', u'name': u'MW_Video'}, {u'color': u'sky', u'id': u'5bcce0e8be4fa66e7b4bfe46', u'idBoard': u'5bc90376dd9b1466d5255e22', u'name': u'Support'}];;;5bcd8c4f1b072c2a38eb8ce9;5bcd1caaa73c2502f6157da0;[];To Do;Support
82;Upgrade - Env : Prod - Migration and Validation;[{u'color': None, u'id': u'5bcd187103453c5308ca3c8b', u'idBoard': u'5bc90376dd9b1466d5255e22', u'name': u'Database'}, {u'color': u'purple', u'id': u'5bc90376a724a908c08b213e', u'idBoard': u'5bc90376dd9b1466d5255e22', u'name': u'OPS'}];;;5bcd8c4f87c21d354abe1109;5bcd1caaa73c2502f6157da0;[];To Do;OPS
83;MW Video Launch - Program QA;[{u'color': None, u'id': u'5bcd18136dcbbe2bd120a929', u'idBoard': u'5bc90376dd9b1466d5255e22', u'name': u'MW_Video'}, {u'color': u'lime', u'id': u'5bcce0e29b5316036267602e', u'idBoard': u'5bc90376dd9b1466d5255e22', u'name': u'QA'}];;;5bcd8c4fe47e0d3658ae2cfd;5bcd1caaa73c2502f6157da0;[];To Do;QA
84;Sell Benchmark Scope - Preproduction;[{u'color': None, u'id': u'5bcce83b65e8bc0f1e1abd97', u'idBoard': u'5bc90376dd9b1466d5255e22', u'name': u'Sell Launch'}, {u'color': u'yellow', u'id': u'5bc90376a724a908c08b2139', u'idBoard': u'5bc90376dd9b1466d5255e22', u'name': u'API'}];;;5bcd8c4f42f2ef05402f2f0b;5bcd1caaa73c2502f6157da0;[];To Do;API
85;Sell Benchmark Scope - Preproduction test;[{u'color': None, u'id': u'5bcce83b65e8bc0f1e1abd97', u'idBoard': u'5bc90376dd9b1466d5255e22', u'name': u'Sell Launch'}, {u'color': u'lime', u'id': u'5bcce0e29b5316036267602e', u'idBoard': u'5bc90376dd9b1466d5255e22', u'name': u'QA'}];;;5bcd8c4fc4edb064f35afca4;5bcd1caaa73c2502f6157da0;[];To Do;QA
86;Front Quality Test - Formation PI > QA;[{u'color': None, u'id': u'5bcd1823ad660b2d03af4057', u'idBoard': u'5bc90376dd9b1466d5255e22', u'name': u'Quality_Test'}, {u'color': u'lime', u'id': u'5bcce0e29b5316036267602e', u'idBoard': u'5bc90376dd9b1466d5255e22', u'name': u'QA'}];;;5bcd8c4ffb007c7f9e2332c4;5bcd1caaa73c2502f6157da0;[];To Do;QA
87;Sell Benchmark Key Metrics - Preproduction;[{u'color': None, u'id': u'5bcce83b65e8bc0f1e1abd97', u'idBoard': u'5bc90376dd9b1466d5255e22', u'name': u'Sell Launch'}, {u'color': u'green', u'id': u'5bc90376a724a908c08b2138', u'idBoard': u'5bc90376dd9b1466d5255e22', u'name': u'Front'}];;;5bcd8c4f8f8dfe2b1564baee;5bcd1caaa73c2502f6157da0;[5b8d560e3a34d80351df5bc4];To Do;Front
88;Sell Market Alerts Scope - Preproduction;[{u'color': None, u'id': u'5bcce83b65e8bc0f1e1abd97', u'idBoard': u'5bc90376dd9b1466d5255e22', u'name': u'Sell Launch'}, {u'color': u'green', u'id': u'5bc90376a724a908c08b2138', u'idBoard': u'5bc90376dd9b1466d5255e22', u'name': u'Front'}];;;5bcd8c4feb24c92a49536c17;5bcd1caaa73c2502f6157da0;[5b8d560e3a34d80351df5bc4];To Do;Front
89;Sell Market Alerts Scope - Preproduction;[{u'color': None, u'id': u'5bcce83b65e8bc0f1e1abd97', u'idBoard': u'5bc90376dd9b1466d5255e22', u'name': u'Sell Launch'}, {u'color': u'yellow', u'id': u'5bc90376a724a908c08b2139', u'idBoard': u'5bc90376dd9b1466d5255e22', u'name': u'API'}];;;5bcd8c50387f6964a2212454;5bcd1caaa73c2502f6157da0;[];To Do;API
90;Sell Market Alerts Scope - Preproduction Test;[{u'color': None, u'id': u'5bcce83b65e8bc0f1e1abd97', u'idBoard': u'5bc90376dd9b1466d5255e22', u'name': u'Sell Launch'}, {u'color': u'lime', u'id': u'5bcce0e29b5316036267602e', u'idBoard': u'5bc90376dd9b1466d5255e22', u'name': u'QA'}];;;5bcd8c50187b0250643cabb7;5bcd1caaa73c2502f6157da0;[];To Do;QA
91;Move to 2 decimal digits instead of 1 - Preproduction;[{u'color': None, u'id': u'5bcd17f3644e280b6e0f26ed', u'idBoard': u'5bc90376dd9b1466d5255e22', u'name': u'Enhanced_UI'}, {u'color': u'green', u'id': u'5bc90376a724a908c08b2138', u'idBoard': u'5bc90376dd9b1466d5255e22', u'name': u'Front'}];;;5bcd8c508bdd6a505e6d5a5a;5bcd1caaa73c2502f6157da0;[5b8d560e3a34d80351df5bc4];To Do;Front
92;Move to 2 decimal digits instead of 1 - Test in Preprod;[{u'color': None, u'id': u'5bcd17f3644e280b6e0f26ed', u'idBoard': u'5bc90376dd9b1466d5255e22', u'name': u'Enhanced_UI'}, {u'color': u'lime', u'id': u'5bcce0e29b5316036267602e', u'idBoard': u'5bc90376dd9b1466d5255e22', u'name': u'QA'}];;;5bcd8c504007cc357d5adec8;5bcd1caaa73c2502f6157da0;[5bb1f4f4a5f45980e29e6ce3];To Do;QA
93;Move to 2 decimal digits instead of 1 - Deploy in Production;[{u'color': None, u'id': u'5bcd17f3644e280b6e0f26ed', u'idBoard': u'5bc90376dd9b1466d5255e22', u'name': u'Enhanced_UI'}, {u'color': u'purple', u'id': u'5bc90376a724a908c08b213e', u'idBoard': u'5bc90376dd9b1466d5255e22', u'name': u'OPS'}];;;5bcd8c504e900350a50a07a4;5bcd1caaa73c2502f6157da0;[];To Do;OPS
94;V2 Password reset management - Test in Preprod;[{u'color': None, u'id': u'5bcd17f3644e280b6e0f26ed', u'idBoard': u'5bc90376dd9b1466d5255e22', u'name': u'Enhanced_UI'}, {u'color': u'lime', u'id': u'5bcce0e29b5316036267602e', u'idBoard': u'5bc90376dd9b1466d5255e22', u'name': u'QA'}];;;5bcd8c50577ef92b0d62a3fe;5bcd1caaa73c2502f6157da0;[];To Do;QA
95;VMG Integration - Test and Validate;[{u'color': None, u'id': u'5bcd182b705df62d5709c597', u'idBoard': u'5bc90376dd9b1466d5255e22', u'name': u'Integration_Factory'}, {u'color': u'lime', u'id': u'5bcce0e29b5316036267602e', u'idBoard': u'5bc90376dd9b1466d5255e22', u'name': u'QA'}];;;5bcd8c50859fc85d5beef264;5bcd1caaa73c2502f6157da0;[];To Do;QA
96;Sell Benchmark Key Metrics - Preproduction;[{u'color': None, u'id': u'5bcce83b65e8bc0f1e1abd97', u'idBoard': u'5bc90376dd9b1466d5255e22', u'name': u'Sell Launch'}, {u'color': u'lime', u'id': u'5bcce0e29b5316036267602e', u'idBoard': u'5bc90376dd9b1466d5255e22', u'name': u'QA'}];;;5bcd8c50e47e0d3658ae2d0a;5bcd1caaa73c2502f6157da0;[];To Do;QA
97;VMG Integration - ETL Configuration;[{u'color': None, u'id': u'5bcd182b705df62d5709c597', u'idBoard': u'5bc90376dd9b1466d5255e22', u'name': u'Integration_Factory'}, {u'color': u'orange', u'id': u'5bc90376a724a908c08b213a', u'idBoard': u'5bc90376dd9b1466d5255e22', u'name': u'DPS'}];;;5bcd8c50f076a78f13d7fe1c;5bcd1caaa73c2502f6157da0;[5b9660ed32342874a47d0328, 5b112203e6202c34415dcfde];To Do;DPS
98;V2 Password reset management - Deploy in Production;[{u'color': None, u'id': u'5bcd17f3644e280b6e0f26ed', u'idBoard': u'5bc90376dd9b1466d5255e22', u'name': u'Enhanced_UI'}, {u'color': u'purple', u'id': u'5bc90376a724a908c08b213e', u'idBoard': u'5bc90376dd9b1466d5255e22', u'name': u'OPS'}];;;5bcd8c50c9a69557de063ceb;5bcd1caaa73c2502f6157da0;[];To Do;OPS
99;MW Video Launch - FWL Catch-up QA;[{u'color': None, u'id': u'5bcd18136dcbbe2bd120a929', u'idBoard': u'5bc90376dd9b1466d5255e22', u'name': u'MW_Video'}, {u'color': u'lime', u'id': u'5bcce0e29b5316036267602e', u'idBoard': u'5bc90376dd9b1466d5255e22', u'name': u'QA'}];;;5bcd8c5147726d50ae6714cf;5bcd1caaa73c2502f6157da0;[];To Do;QA
100;MW Video Launch - Mapping FWL Buyers;[{u'color': None, u'id': u'5bcd18136dcbbe2bd120a929', u'idBoard': u'5bc90376dd9b1466d5255e22', u'name': u'MW_Video'}, {u'color': u'sky', u'id': u'5bcce0e8be4fa66e7b4bfe46', u'idBoard': u'5bc90376dd9b1466d5255e22', u'name': u'Support'}];;;5bcd8c50b82d9a0c26478326;5bcd1caaa73c2502f6157da0;[];To Do;Support
101;Front Quality Test - Formation PI > QA;[{u'color': None, u'id': u'5bcd1823ad660b2d03af4057', u'idBoard': u'5bc90376dd9b1466d5255e22', u'name': u'Quality_Test'}, {u'color': u'red', u'id': u'5bc90376a724a908c08b213b', u'idBoard': u'5bc90376dd9b1466d5255e22', u'name': u'PI'}];;;5bcd8c5164125b339b761126;5bcd1caaa73c2502f6157da0;[5b14fe940ea3caecf2730da7];To Do;PI
102;VMG Integration - Deploy in Production;[{u'color': None, u'id': u'5bcd182b705df62d5709c597', u'idBoard': u'5bc90376dd9b1466d5255e22', u'name': u'Integration_Factory'}, {u'color': u'orange', u'id': u'5bc90376a724a908c08b213a', u'idBoard': u'5bc90376dd9b1466d5255e22', u'name': u'DPS'}];;;5bcd8c5187c21d354abe1117;5bcd1caaa73c2502f6157da0;[5b112203e6202c34415dcfde, 5b9660ed32342874a47d0328];To Do;DPS
103;MSN Firstprice - Analyze results;[{u'color': u'blue', u'id': u'5bc90376a724a908c08b213f', u'idBoard': u'5bc90376dd9b1466d5255e22', u'name': u'Math'}, {u'color': None, u'id': u'5bcddc7397ddad4cfab2e5c6', u'idBoard': u'5bc90376dd9b1466d5255e22', u'name': u'Math_Project'}];;;5bcddc41e47e0d3658b042d4;5bcd1caaa73c2502f6157da0;[5b963d4ef166ad86c844d22e];To Do;Math
104;Benchmark - make wiki for benchmarker reason message;[{u'color': u'blue', u'id': u'5bc90376a724a908c08b213f', u'idBoard': u'5bc90376dd9b1466d5255e22', u'name': u'Math'}, {u'color': None, u'id': u'5bcddc7397ddad4cfab2e5c6', u'idBoard': u'5bc90376dd9b1466d5255e22', u'name': u'Math_Project'}];;;5bcddc40e9e6458f1a908ef7;5bcd1caaa73c2502f6157da0;[5b963d4ef166ad86c844d22e];To Do;Math
105;Custom - clean and document Sanoma Finland simulations;[{u'color': u'blue', u'id': u'5bc90376a724a908c08b213f', u'idBoard': u'5bc90376dd9b1466d5255e22', u'name': u'Math'}, {u'color': None, u'id': u'5bcddc7397ddad4cfab2e5c6', u'idBoard': u'5bc90376dd9b1466d5255e22', u'name': u'Math_Project'}];;;5bcddc413629bc0eda6e0a15;5bcd1caaa73c2502f6157da0;[5b30a646cb66d55d1f7930fa];To Do;Math
106;Mapping (detect-labels and stats) - output summary to slack;[{u'color': u'blue', u'id': u'5bc90376a724a908c08b213f', u'idBoard': u'5bc90376dd9b1466d5255e22', u'name': u'Math'}, {u'color': None, u'id': u'5bcddc7397ddad4cfab2e5c6', u'idBoard': u'5bc90376dd9b1466d5255e22', u'name': u'Math_Project'}];;;5bcddc418bdd6a505e700a18;5bcd1caaa73c2502f6157da0;[5b39e80baf5fc1e9347aba49, 5b30a646cb66d55d1f7930fa];To Do;Math
107;Data Extract Marketwatch - Branche et documentation;[{u'color': u'orange', u'id': u'5bc90376a724a908c08b213a', u'idBoard': u'5bc90376dd9b1466d5255e22', u'name': u'DPS'}];;;5bcedbbfbc6e1645d115ebdb;5bcd1caaa73c2502f6157da0;[5b9637a81b8bf6766e957210];To Do;DPS
108;STX is_rendered - distribution des règles #Sharethrough;[{u'color': u'blue', u'id': u'5bc90376a724a908c08b213f', u'idBoard': u'5bc90376dd9b1466d5255e22', u'name': u'Math'}];;;5bd080138461b20d457a18df;5bcd1caaa73c2502f6157da0;[];To Do;Math
109;STX is_rendered - Dev #Sharethrough;[{u'color': u'orange', u'id': u'5bc90376a724a908c08b213a', u'idBoard': u'5bc90376dd9b1466d5255e22', u'name': u'DPS'}];;;5bd08013141bdb25bb2e0e5e;5bcd1caaa73c2502f6157da0;[];To Do;DPS
110;Currency Devs - Generate report cache depending on the user's currencies;[{u'color': None, u'id': u'5bcd18365b418c7815e2cb94', u'idBoard': u'5bc90376dd9b1466d5255e22', u'name': u'Currency'}, {u'color': u'orange', u'id': u'5bc90376a724a908c08b213a', u'idBoard': u'5bc90376dd9b1466d5255e22', u'name': u'DPS'}];;;5bd0801376e59b596f37c107;5bcd1caaa73c2502f6157da0;[];To Do;DPS
111;Sell Benchmark Scope - Add Sales Channel in MW : Add dans export;[{u'color': None, u'id': u'5bcce83b65e8bc0f1e1abd97', u'idBoard': u'5bc90376dd9b1466d5255e22', u'name': u'Sell Launch'}, {u'color': u'orange', u'id': u'5bc90376a724a908c08b213a', u'idBoard': u'5bc90376dd9b1466d5255e22', u'name': u'DPS'}];;;5bd08013fc943f0d4d3a4661;5bcd1caaa73c2502f6157da0;[];To Do;DPS
112;Sell Benchmark Scope - Add Sales Channel in MW : Test;[{u'color': None, u'id': u'5bcce83b65e8bc0f1e1abd97', u'idBoard': u'5bc90376dd9b1466d5255e22', u'name': u'Sell Launch'}, {u'color': u'orange', u'id': u'5bc90376a724a908c08b213a', u'idBoard': u'5bc90376dd9b1466d5255e22', u'name': u'DPS'}];;;5bd08013ff0c0768c353d59f;5bcd1caaa73c2502f6157da0;[];To Do;DPS
113;Labeling Devs - Import labels from production;[{u'color': None, u'id': u'5bcd183fd884c8699366e715', u'idBoard': u'5bc90376dd9b1466d5255e22', u'name': u'Labeling'}, {u'color': u'black', u'id': u'5bcce0efd8f4d227abff7a5a', u'idBoard': u'5bc90376dd9b1466d5255e22', u'name': u'Archi.'}];;;5bd08013bcd3940cf3dabed8;5bcd1caaa73c2502f6157da0;[5bbf1f203d2443419be530c9];To Do;Archi.
114;Currency Devs - Take into account to the currency passed as a header parameter when Generating the cache;[{u'color': None, u'id': u'5bcd18365b418c7815e2cb94', u'idBoard': u'5bc90376dd9b1466d5255e22', u'name': u'Currency'}, {u'color': u'yellow', u'id': u'5bc90376a724a908c08b2139', u'idBoard': u'5bc90376dd9b1466d5255e22', u'name': u'API'}];;;5bd080137106a325b5dd51a1;5bcd1caaa73c2502f6157da0;[];To Do;API
115;STX is_rendered - cluster de dev a déployer en prod #Sharethrough;[{u'color': u'orange', u'id': u'5bc90376a724a908c08b213a', u'idBoard': u'5bc90376dd9b1466d5255e22', u'name': u'DPS'}];;;5bd080132083c80ce749e2d8;5bcd1caaa73c2502f6157da0;[];To Do;DPS
116;Sell Benchmark Key Metrics - Lambda : first function;[{u'color': None, u'id': u'5bcce83b65e8bc0f1e1abd97', u'idBoard': u'5bc90376dd9b1466d5255e22', u'name': u'Sell Launch'}, {u'color': u'purple', u'id': u'5bc90376a724a908c08b213e', u'idBoard': u'5bc90376dd9b1466d5255e22', u'name': u'OPS'}];;;5bd08013610f71498c954d9a;5bcd1caaa73c2502f6157da0;[];To Do;OPS
117;Sell Benchmark Key Metrics - Lambda : rights;[{u'color': None, u'id': u'5bcce83b65e8bc0f1e1abd97', u'idBoard': u'5bc90376dd9b1466d5255e22', u'name': u'Sell Launch'}, {u'color': u'purple', u'id': u'5bc90376a724a908c08b213e', u'idBoard': u'5bc90376dd9b1466d5255e22', u'name': u'OPS'}];;;5bd080131b6d7a4b8d106692;5bcd1caaa73c2502f6157da0;[];To Do;OPS
118;Sell Benchmark Key Metrics - Lambda : tests;[{u'color': None, u'id': u'5bcce83b65e8bc0f1e1abd97', u'idBoard': u'5bc90376dd9b1466d5255e22', u'name': u'Sell Launch'}, {u'color': u'purple', u'id': u'5bc90376a724a908c08b213e', u'idBoard': u'5bc90376dd9b1466d5255e22', u'name': u'OPS'}];;;5bd080148461b20d457a18f2;5bcd1caaa73c2502f6157da0;[];To Do;OPS
119;Sell Benchmark Scope - Add Sales Channel in MW : Catch-up;[{u'color': None, u'id': u'5bcce83b65e8bc0f1e1abd97', u'idBoard': u'5bc90376dd9b1466d5255e22', u'name': u'Sell Launch'}, {u'color': u'sky', u'id': u'5bcce0e8be4fa66e7b4bfe46', u'idBoard': u'5bc90376dd9b1466d5255e22', u'name': u'Support'}];;;5bd080149914244ad576d472;5bcd1caaa73c2502f6157da0;[];To Do;Support
120;Labels catching up : Presentation to the Support team;[{u'color': u'black', u'id': u'5bcce0efd8f4d227abff7a5a', u'idBoard': u'5bc90376dd9b1466d5255e22', u'name': u'Archi.'}, {u'color': None, u'id': u'5bcd183fd884c8699366e715', u'idBoard': u'5bc90376dd9b1466d5255e22', u'name': u'Labeling'}];;;5bd2ef1168c72c7caafc8ad4;5bcd1caaa73c2502f6157da0;[5bbf1f203d2443419be530c9];To Do;Archi.
121;Sell Market Alerts Scope - Meeting;[{u'color': None, u'id': u'5bcce83b65e8bc0f1e1abd97', u'idBoard': u'5bc90376dd9b1466d5255e22', u'name': u'Sell Launch'}, {u'color': u'green', u'id': u'5bc90376a724a908c08b2138', u'idBoard': u'5bc90376dd9b1466d5255e22', u'name': u'Front'}];;;5bcd8c4ca32c2b8770ed6039;5bcce7a8e147573d18c54457;[5b8d560e3a34d80351df5bc4];In Progress;Front
122;Sell Market Alerts Scope - App Coordination Scope;[{u'color': None, u'id': u'5bcce83b65e8bc0f1e1abd97', u'idBoard': u'5bc90376dd9b1466d5255e22', u'name': u'Sell Launch'}, {u'color': u'green', u'id': u'5bc90376a724a908c08b2138', u'idBoard': u'5bc90376dd9b1466d5255e22', u'name': u'Front'}];;;5bcd8c4ce47e0d3658ae2cdb;5bcce7a8e147573d18c54457;[5b8d560e3a34d80351df5bc4];In Progress;Front
123;Alerts - monitoring page for market watch alerts v1;[{u'color': u'blue', u'id': u'5bc90376a724a908c08b213f', u'idBoard': u'5bc90376dd9b1466d5255e22', u'name': u'Math'}, {u'color': None, u'id': u'5bcddc7397ddad4cfab2e5c6', u'idBoard': u'5bc90376dd9b1466d5255e22', u'name': u'Math_Project'}];;;5bcddc403629bc0eda6e0a0b;5bcce7a8e147573d18c54457;[5b963d4ef166ad86c844d22e];In Progress;Math
124;Benchmark - tests and CR for benchmark reason message;[{u'color': u'blue', u'id': u'5bc90376a724a908c08b213f', u'idBoard': u'5bc90376dd9b1466d5255e22', u'name': u'Math'}, {u'color': None, u'id': u'5bcddc7397ddad4cfab2e5c6', u'idBoard': u'5bc90376dd9b1466d5255e22', u'name': u'Math_Project'}];;;5bcddc4187c21d354ac01fe4;5bcce7a8e147573d18c54457;[5b963d4ef166ad86c844d22e];In Progress;Math
125;Mapping (detect-labels and stats) - investigate and automatise mapping stats, and migrate to spark;[{u'color': u'blue', u'id': u'5bc90376a724a908c08b213f', u'idBoard': u'5bc90376dd9b1466d5255e22', u'name': u'Math'}, {u'color': None, u'id': u'5bcddc7397ddad4cfab2e5c6', u'idBoard': u'5bc90376dd9b1466d5255e22', u'name': u'Math_Project'}];;;5bcddc41eb24c92a495b2c2d;5bcce7a8e147573d18c54457;[5b30a646cb66d55d1f7930fa, 5b39e80baf5fc1e9347aba49];In Progress;Math
126;Mapping (detect-labels and stats) - add mapping stats to industrialised script;[{u'color': u'blue', u'id': u'5bc90376a724a908c08b213f', u'idBoard': u'5bc90376dd9b1466d5255e22', u'name': u'Math'}, {u'color': None, u'id': u'5bcddc7397ddad4cfab2e5c6', u'idBoard': u'5bc90376dd9b1466d5255e22', u'name': u'Math_Project'}];;;5bcddc41f16af05d490cf5bd;5bcce7a8e147573d18c54457;[5b30a646cb66d55d1f7930fa, 5b39e80baf5fc1e9347aba49];In Progress;Math
127;1st Price optimisation - Prepare plan for 1st price optimisation #Math_Project;[{u'color': u'blue', u'id': u'5bc90376a724a908c08b213f', u'idBoard': u'5bc90376dd9b1466d5255e22', u'name': u'Math'}];;;5bcddc41380945261efb5cdb;5bcce7a8e147573d18c54457;[5b30a646cb66d55d1f7930fa, 5b39e80baf5fc1e9347aba49];In Progress;Math
128;Sell Benchmark Key Metrics - Reason Treatment;[{u'color': None, u'id': u'5bcce83b65e8bc0f1e1abd97', u'idBoard': u'5bc90376dd9b1466d5255e22', u'name': u'Sell Launch'}, {u'color': u'yellow', u'id': u'5bc90376a724a908c08b2139', u'idBoard': u'5bc90376dd9b1466d5255e22', u'name': u'API'}];;;5bcd8c4caaee256302ce9f23;5bcce7a8e147573d18c54457;[5b8ced2a7d152a62d122b0fc];In Progress;API
129;Sell Benchmark Key Metrics - Create Reason Endpoint;[{u'color': None, u'id': u'5bcce83b65e8bc0f1e1abd97', u'idBoard': u'5bc90376dd9b1466d5255e22', u'name': u'Sell Launch'}, {u'color': u'yellow', u'id': u'5bc90376a724a908c08b2139', u'idBoard': u'5bc90376dd9b1466d5255e22', u'name': u'API'}];;;5bcd8c4c187b0250643caba2;5bcce7a8e147573d18c54457;[];In Progress;API
130;Sell Benchmark Scope - Create Endpoint;[{u'color': None, u'id': u'5bcce83b65e8bc0f1e1abd97', u'idBoard': u'5bc90376dd9b1466d5255e22', u'name': u'Sell Launch'}, {u'color': u'yellow', u'id': u'5bc90376a724a908c08b2139', u'idBoard': u'5bc90376dd9b1466d5255e22', u'name': u'API'}];;;5bcd8c4cdaed5a33a0dfbbfd;5bcce7a8e147573d18c54457;[];In Progress;API
131;Sell Benchmark Key Metrics - Define Reason Format;[{u'color': None, u'id': u'5bcce83b65e8bc0f1e1abd97', u'idBoard': u'5bc90376dd9b1466d5255e22', u'name': u'Sell Launch'}, {u'color': u'yellow', u'id': u'5bc90376a724a908c08b2139', u'idBoard': u'5bc90376dd9b1466d5255e22', u'name': u'API'}];;;5bcd8c4ce47e0d3658ae2cce;5bcce7a8e147573d18c54457;[5b8ced2a7d152a62d122b0fc];In Progress;API
132;Sell Benchmark Scope - Tops;[{u'color': None, u'id': u'5bcce83b65e8bc0f1e1abd97', u'idBoard': u'5bc90376dd9b1466d5255e22', u'name': u'Sell Launch'}, {u'color': u'yellow', u'id': u'5bc90376a724a908c08b2139', u'idBoard': u'5bc90376dd9b1466d5255e22', u'name': u'API'}];;;5bcd8c4cabecf40b55feae03;5bcce7a8e147573d18c54457;[5b8ced2a7d152a62d122b0fc];In Progress;API
133;Sell Benchmark Scope - App Coordination Scope;[{u'color': None, u'id': u'5bcce83b65e8bc0f1e1abd97', u'idBoard': u'5bc90376dd9b1466d5255e22', u'name': u'Sell Launch'}, {u'color': u'yellow', u'id': u'5bc90376a724a908c08b2139', u'idBoard': u'5bc90376dd9b1466d5255e22', u'name': u'API'}];;;5bcd8c4c4007cc357d5ade98;5bcce7a8e147573d18c54457;[5b8ced2a7d152a62d122b0fc];In Progress;API
134;Sell Market Alerts Scope - Program Selection;[{u'color': None, u'id': u'5bcce83b65e8bc0f1e1abd97', u'idBoard': u'5bc90376dd9b1466d5255e22', u'name': u'Sell Launch'}, {u'color': u'yellow', u'id': u'5bc90376a724a908c08b2139', u'idBoard': u'5bc90376dd9b1466d5255e22', u'name': u'API'}];;;5bcd8c4cf85b8d649b416e12;5bcce7a8e147573d18c54457;[56dc2c4f70fac630d6edcb74];In Progress;API
135;Lost ad request feed - Linkedin - read auctions data from new feed;[{u'color': None, u'id': u'5bcd1805a00a2101cc95a15c', u'idBoard': u'5bc90376dd9b1466d5255e22', u'name': u'Data_Improvements'}, {u'color': u'orange', u'id': u'5bc90376a724a908c08b213a', u'idBoard': u'5bc90376dd9b1466d5255e22', u'name': u'DPS'}];;;5bcd8c4eeb24c92a49536bbd;5bcce7a8e147573d18c54457;[5b9637a81b8bf6766e957210];In Progress;DPS
136;Daily collect setting adaptation - Etude config ETL quand le nom de la colomne revenue varie selon les sellers (revenue_in_usd, revenue_in_eur, etc.);[{u'color': None, u'id': u'5bcd18365b418c7815e2cb94', u'idBoard': u'5bc90376dd9b1466d5255e22', u'name': u'Currency'}, {u'color': u'orange', u'id': u'5bc90376a724a908c08b213a', u'idBoard': u'5bc90376dd9b1466d5255e22', u'name': u'DPS'}];;;5bcd8c4d4e900350a50a0761;5bcce7a8e147573d18c54457;[5b8cf2c5f8cda84582e08b75];In Progress;DPS
137;Sell Benchmark Scope - Preproduction;[{u'color': None, u'id': u'5bcce83b65e8bc0f1e1abd97', u'idBoard': u'5bc90376dd9b1466d5255e22', u'name': u'Sell Launch'}, {u'color': u'green', u'id': u'5bc90376a724a908c08b2138', u'idBoard': u'5bc90376dd9b1466d5255e22', u'name': u'Front'}];;;5bcd8c4fc3bb7f7240fe2fd9;5bcce7a8e147573d18c54457;[5b8d560e3a34d80351df5bc4];In Progress;Front
138;Sell Benchmark Key Metrics - Mandatory Parameters;[{u'color': None, u'id': u'5bcce83b65e8bc0f1e1abd97', u'idBoard': u'5bc90376dd9b1466d5255e22', u'name': u'Sell Launch'}, {u'color': u'green', u'id': u'5bc90376a724a908c08b2138', u'idBoard': u'5bc90376dd9b1466d5255e22', u'name': u'Front'}];;;5bcd8c4c4e900350a50a0754;5bcce7a8e147573d18c54457;[5b8e32c757c7a61b70ec8fe1];In Progress;Front
139;Sell Benchmark Scope - Mandatory Parameters;[{u'color': None, u'id': u'5bcce83b65e8bc0f1e1abd97', u'idBoard': u'5bc90376dd9b1466d5255e22', u'name': u'Sell Launch'}, {u'color': u'green', u'id': u'5bc90376a724a908c08b2138', u'idBoard': u'5bc90376dd9b1466d5255e22', u'name': u'Front'}];;;5bcd8c4cabecf40b55feae00;5bcce7a8e147573d18c54457;[5b8e32c757c7a61b70ec8fe1];In Progress;Front
140;Sell Benchmark Key Metrics - Call Chart;[{u'color': None, u'id': u'5bcce83b65e8bc0f1e1abd97', u'idBoard': u'5bc90376dd9b1466d5255e22', u'name': u'Sell Launch'}, {u'color': u'green', u'id': u'5bc90376a724a908c08b2138', u'idBoard': u'5bc90376dd9b1466d5255e22', u'name': u'Front'}];;;5bcd8c4c15c706366059847b;5bcce7a8e147573d18c54457;[5b8e32c757c7a61b70ec8fe1];In Progress;Front
141;Restructure and refactorization of `adk-request-mapping-proposals` and `adk-detect-labels`;[{u'color': u'pink', u'id': u'5bd07d1cbf6c962e6fe753db', u'idBoard': u'5bc90376dd9b1466d5255e22', u'name': u'Math'}];;;5b97e7ae3c674d0987342bed;5bcce7a8e147573d18c54457;[5b39e80baf5fc1e9347aba49];In Progress;Math
142;V1 Media Type - OPX add media_type dimension ETL;[{u'color': None, u'id': u'5bcd1805a00a2101cc95a15c', u'idBoard': u'5bc90376dd9b1466d5255e22', u'name': u'Data_Improvements'}, {u'color': u'orange', u'id': u'5bc90376a724a908c08b213a', u'idBoard': u'5bc90376dd9b1466d5255e22', u'name': u'DPS'}];;;5bcd8c4e4a1caf33a6dc6b5c;5bcce7a8e147573d18c54457;[5b8cf2c5f8cda84582e08b75, 5b14fe940ea3caecf2730da7];In Progress;DPS
143;Sell Benchmark Scope - Add Sales Channel in MW : Processing;[{u'color': None, u'id': u'5bcce83b65e8bc0f1e1abd97', u'idBoard': u'5bc90376dd9b1466d5255e22', u'name': u'Sell Launch'}, {u'color': u'orange', u'id': u'5bc90376a724a908c08b213a', u'idBoard': u'5bc90376dd9b1466d5255e22', u'name': u'DPS'}];;;5bd080131b6d7a4b8d10667d;5bcce7a8e147573d18c54457;[5b8cf2c5f8cda84582e08b75];In Progress;DPS
144;V1 Media Type - ADF add media_type dimension ETL;[{u'color': None, u'id': u'5bcd1805a00a2101cc95a15c', u'idBoard': u'5bc90376dd9b1466d5255e22', u'name': u'Data_Improvements'}, {u'color': u'orange', u'id': u'5bc90376a724a908c08b213a', u'idBoard': u'5bc90376dd9b1466d5255e22', u'name': u'DPS'}];;;5bcd8c4e30b54d354e234dc0;5bcce7a8e147573d18c54457;[5b112203e6202c34415dcfde];In Progress;DPS
145;V1 Media Type - AMZ add media_type dimension ETL;[{u'color': None, u'id': u'5bcd1805a00a2101cc95a15c', u'idBoard': u'5bc90376dd9b1466d5255e22', u'name': u'Data_Improvements'}, {u'color': u'orange', u'id': u'5bc90376a724a908c08b213a', u'idBoard': u'5bc90376dd9b1466d5255e22', u'name': u'DPS'}];;;5bcd8c4e63f98f4c5923165b;5bcce7a8e147573d18c54457;[5b112203e6202c34415dcfde];In Progress;DPS
146;Front Quality Test - Deploy;[{u'color': None, u'id': u'5bcd1823ad660b2d03af4057', u'idBoard': u'5bc90376dd9b1466d5255e22', u'name': u'Quality_Test'}, {u'color': u'red', u'id': u'5bc90376a724a908c08b213b', u'idBoard': u'5bc90376dd9b1466d5255e22', u'name': u'PI'}];;;5bcd8c4fc0650b2625c4dbc4;5bcce7a8e147573d18c54457;[5b14fe940ea3caecf2730da7];In Progress;PI
147;catching up labels for certain clients to validate the workflow;[{u'color': None, u'id': u'5bcd183fd884c8699366e715', u'idBoard': u'5bc90376dd9b1466d5255e22', u'name': u'Labeling'}, {u'color': u'black', u'id': u'5bcce0efd8f4d227abff7a5a', u'idBoard': u'5bc90376dd9b1466d5255e22', u'name': u'Archi.'}];;;5bd2ed7378dd673e12fcc24d;5bcce7a8e147573d18c54457;[5bbf1f203d2443419be530c9];In Progress;Archi.
148;Prerequisites - Ansible script identification des requetes actives;[{u'color': None, u'id': u'5bcd187103453c5308ca3c8b', u'idBoard': u'5bc90376dd9b1466d5255e22', u'name': u'Database'}, {u'color': u'purple', u'id': u'5bc90376a724a908c08b213e', u'idBoard': u'5bc90376dd9b1466d5255e22', u'name': u'OPS'}];;;5bcd8c4f7818f5845e735eca;5bcce7a8e147573d18c54457;[5bbf0a92bdead05552cddcf0, 5bbf1bc2077d227007870298];In Progress;OPS
149;Labeling Devs - Writing a wiki for the support team;[{u'color': None, u'id': u'5bcd183fd884c8699366e715', u'idBoard': u'5bc90376dd9b1466d5255e22', u'name': u'Labeling'}, {u'color': u'black', u'id': u'5bcce0efd8f4d227abff7a5a', u'idBoard': u'5bc90376dd9b1466d5255e22', u'name': u'Archi.'}];;;5bd08013e8228961b35f624a;5bcd1ac09408b66b4ddc82d9;[5bbf1f203d2443419be530c9];Done;Archi.
150;Labeling Devs - Remove unnecessary labeling scheduled task on the superviser;[{u'color': None, u'id': u'5bcd183fd884c8699366e715', u'idBoard': u'5bc90376dd9b1466d5255e22', u'name': u'Labeling'}, {u'color': u'black', u'id': u'5bcce0efd8f4d227abff7a5a', u'idBoard': u'5bc90376dd9b1466d5255e22', u'name': u'Archi.'}];;;5bd080138a1b1c8a18a37def;5bcd1ac09408b66b4ddc82d9;[5bbf1f203d2443419be530c9];Done;Archi.
151;Labeling Devs - Synchronize Labels between Redis & Elastic search;[{u'color': None, u'id': u'5bcd183fd884c8699366e715', u'idBoard': u'5bc90376dd9b1466d5255e22', u'name': u'Labeling'}, {u'color': u'black', u'id': u'5bcce0efd8f4d227abff7a5a', u'idBoard': u'5bc90376dd9b1466d5255e22', u'name': u'Archi.'}];;;5bd080138a1b1c8a18a37dc9;5bcd1ac09408b66b4ddc82d9;[5bbf1f203d2443419be530c9];Done;Archi.
152;V1 Media Type - FWL add media_type dimension ETL;[{u'color': None, u'id': u'5bcd1805a00a2101cc95a15c', u'idBoard': u'5bc90376dd9b1466d5255e22', u'name': u'Data_Improvements'}, {u'color': u'orange', u'id': u'5bc90376a724a908c08b213a', u'idBoard': u'5bc90376dd9b1466d5255e22', u'name': u'DPS'}];;;5bcd8c4e380945261ef7d79e;5bcd1ac09408b66b4ddc82d9;[5b9637a81b8bf6766e957210];Done;DPS
153;V1 Media Type - SMA add media_type dimension ETL;[{u'color': None, u'id': u'5bcd1805a00a2101cc95a15c', u'idBoard': u'5bc90376dd9b1466d5255e22', u'name': u'Data_Improvements'}, {u'color': u'orange', u'id': u'5bc90376a724a908c08b213a', u'idBoard': u'5bc90376dd9b1466d5255e22', u'name': u'DPS'}];;;5bcd8c4edaed5a33a0dfbc0a;5bcd1ac09408b66b4ddc82d9;[5b9637a81b8bf6766e957210];Done;DPS
154;V1 Media Type - GDX add media_type dimension ETL;[{u'color': None, u'id': u'5bcd1805a00a2101cc95a15c', u'idBoard': u'5bc90376dd9b1466d5255e22', u'name': u'Data_Improvements'}, {u'color': u'orange', u'id': u'5bc90376a724a908c08b213a', u'idBoard': u'5bc90376dd9b1466d5255e22', u'name': u'DPS'}];;;5bcd8c4dbb8fb84784c8119a;5bcd1ac09408b66b4ddc82d9;[5b8cf2c5f8cda84582e08b75];Done;DPS
155;Analyze AppNexus - Analyze AppNexus Dev Labeling;[{u'color': None, u'id': u'5bcd183fd884c8699366e715', u'idBoard': u'5bc90376dd9b1466d5255e22', u'name': u'Labeling'}, {u'color': u'orange', u'id': u'5bc90376a724a908c08b213a', u'idBoard': u'5bc90376dd9b1466d5255e22', u'name': u'DPS'}];;;5bcd8c4deb24c92a49536b96;5bcd1ac09408b66b4ddc82d9;[5b8cf2c5f8cda84582e08b75];Done;DPS
156;V1 Media Type - TDS add media_type dimension ETL;[{u'color': None, u'id': u'5bcd1805a00a2101cc95a15c', u'idBoard': u'5bc90376dd9b1466d5255e22', u'name': u'Data_Improvements'}, {u'color': u'orange', u'id': u'5bc90376a724a908c08b213a', u'idBoard': u'5bc90376dd9b1466d5255e22', u'name': u'DPS'}];;;5bcd8c4e63f98f4c59231656;5bcd1ac09408b66b4ddc82d9;[5b112203e6202c34415dcfde];Done;DPS
157;V1 Media Type - IMP add media_type dimension ETL;[{u'color': None, u'id': u'5bcd1805a00a2101cc95a15c', u'idBoard': u'5bc90376dd9b1466d5255e22', u'name': u'Data_Improvements'}, {u'color': u'orange', u'id': u'5bc90376a724a908c08b213a', u'idBoard': u'5bc90376dd9b1466d5255e22', u'name': u'DPS'}];;;5bcd8c4e577ef92b0d62a3e4;5bcd1ac09408b66b4ddc82d9;[5b9660ed32342874a47d0328];Done;DPS
158;MW Video Launch - Add FWL to automated mapping;[{u'color': None, u'id': u'5bcd18136dcbbe2bd120a929', u'idBoard': u'5bc90376dd9b1466d5255e22', u'name': u'MW_Video'}, {u'color': u'orange', u'id': u'5bc90376a724a908c08b213a', u'idBoard': u'5bc90376dd9b1466d5255e22', u'name': u'DPS'}];;;5bcd8c4f271d4735435eb180;5bcd1ac09408b66b4ddc82d9;[5b8cf2c5f8cda84582e08b75];Done;DPS
159;V1 Media Type - AXB add media_type dimension ETL;[{u'color': None, u'id': u'5bcd1805a00a2101cc95a15c', u'idBoard': u'5bc90376dd9b1466d5255e22', u'name': u'Data_Improvements'}, {u'color': u'orange', u'id': u'5bc90376a724a908c08b213a', u'idBoard': u'5bc90376dd9b1466d5255e22', u'name': u'DPS'}];;;5bcd8c4eb82d9a0c26478313;5bcd1ac09408b66b4ddc82d9;[5b8cf2c5f8cda84582e08b75];Done;DPS
160;V1 Media Type - TPL add media_type dimension ETL;[{u'color': None, u'id': u'5bcd1805a00a2101cc95a15c', u'idBoard': u'5bc90376dd9b1466d5255e22', u'name': u'Data_Improvements'}, {u'color': u'orange', u'id': u'5bc90376a724a908c08b213a', u'idBoard': u'5bc90376dd9b1466d5255e22', u'name': u'DPS'}];;;5bcd8c4ebbdc0219d646cbc9;5bcd1ac09408b66b4ddc82d9;[5b8cf2c5f8cda84582e08b75];Done;DPS
161;MW Video Launch - Add FWL to Program;[{u'color': None, u'id': u'5bcd18136dcbbe2bd120a929', u'idBoard': u'5bc90376dd9b1466d5255e22', u'name': u'MW_Video'}, {u'color': u'orange', u'id': u'5bc90376a724a908c08b213a', u'idBoard': u'5bc90376dd9b1466d5255e22', u'name': u'DPS'}];;;5bcd8c503629bc0eda6aa645;5bcd1ac09408b66b4ddc82d9;[5b8cf2c5f8cda84582e08b75];Done;DPS
162;Prerequisites - Create 10.5 params;[{u'color': None, u'id': u'5bcd187103453c5308ca3c8b', u'idBoard': u'5bc90376dd9b1466d5255e22', u'name': u'Database'}, {u'color': u'orange', u'id': u'5bc90376a724a908c08b213a', u'idBoard': u'5bc90376dd9b1466d5255e22', u'name': u'DPS'}];;;5bcd8c4f8fc1ba0ed4ffa692;5bcd1ac09408b66b4ddc82d9;[5b8cf2c5f8cda84582e08b75];Done;DPS
163;Prerequisites - Confirm PG version;[{u'color': None, u'id': u'5bcd187103453c5308ca3c8b', u'idBoard': u'5bc90376dd9b1466d5255e22', u'name': u'Database'}, {u'color': u'orange', u'id': u'5bc90376a724a908c08b213a', u'idBoard': u'5bc90376dd9b1466d5255e22', u'name': u'DPS'}];;;5bcd8c4f22ea4447803c00d4;5bcd1ac09408b66b4ddc82d9;[5b8cf2c5f8cda84582e08b75];Done;DPS
164;Daily collect setting adaptation - GDX Scraper - config element convert_to_usd;[{u'color': None, u'id': u'5bcd18365b418c7815e2cb94', u'idBoard': u'5bc90376dd9b1466d5255e22', u'name': u'Currency'}, {u'color': u'orange', u'id': u'5bc90376a724a908c08b213a', u'idBoard': u'5bc90376dd9b1466d5255e22', u'name': u'DPS'}];;;5bcd8c4cba10400b07ee168c;5bcd1ac09408b66b4ddc82d9;[5b8cf2c5f8cda84582e08b75];Done;DPS
165;Daily collect setting adaptation - TDS - config element convert_to_usd;[{u'color': None, u'id': u'5bcd18365b418c7815e2cb94', u'idBoard': u'5bc90376dd9b1466d5255e22', u'name': u'Currency'}, {u'color': u'orange', u'id': u'5bc90376a724a908c08b213a', u'idBoard': u'5bc90376dd9b1466d5255e22', u'name': u'DPS'}];;;5bcd8c4de5ee482cb51bc833;5bcd1ac09408b66b4ddc82d9;[5b8cf2c5f8cda84582e08b75];Done;DPS
166;Daily collect setting adaptation - SPX - config element convert_to_usd;[{u'color': None, u'id': u'5bcd18365b418c7815e2cb94', u'idBoard': u'5bc90376dd9b1466d5255e22', u'name': u'Currency'}, {u'color': u'orange', u'id': u'5bc90376a724a908c08b213a', u'idBoard': u'5bc90376dd9b1466d5255e22', u'name': u'DPS'}];;;5bcd8c4d577ef92b0d62a3d1;5bcd1ac09408b66b4ddc82d9;[5b8cf2c5f8cda84582e08b75];Done;DPS
167;Daily collect setting adaptation - Criteo - config element convert_to_usd;[{u'color': None, u'id': u'5bcd18365b418c7815e2cb94', u'idBoard': u'5bc90376dd9b1466d5255e22', u'name': u'Currency'}, {u'color': u'orange', u'id': u'5bc90376a724a908c08b213a', u'idBoard': u'5bc90376dd9b1466d5255e22', u'name': u'DPS'}];;;5bcd8c4d387f6964a22123ed;5bcd1ac09408b66b4ddc82d9;[5b8cf2c5f8cda84582e08b75];Done;DPS
168;Daily collect setting adaptation - RXB Scraper - config element convert_to_usd;[{u'color': None, u'id': u'5bcd18365b418c7815e2cb94', u'idBoard': u'5bc90376dd9b1466d5255e22', u'name': u'Currency'}, {u'color': u'orange', u'id': u'5bc90376a724a908c08b213a', u'idBoard': u'5bc90376dd9b1466d5255e22', u'name': u'DPS'}];;;5bcd8c4d8d29be7f97ab34a4;5bcd1ac09408b66b4ddc82d9;[5b8cf2c5f8cda84582e08b75];Done;DPS
169;V1 Media Type - ADF add media_type dimension collect;[{u'color': None, u'id': u'5bcd1805a00a2101cc95a15c', u'idBoard': u'5bc90376dd9b1466d5255e22', u'name': u'Data_Improvements'}, {u'color': u'red', u'id': u'5bc90376a724a908c08b213b', u'idBoard': u'5bc90376dd9b1466d5255e22', u'name': u'PI'}];;;5bcd8c4e4e900350a50a076e;5bcd1ac09408b66b4ddc82d9;[5b11207755e4e706bb81a64a];Done;PI
170;V1 Media Type - AOL add media_type dimension collect;[{u'color': None, u'id': u'5bcd1805a00a2101cc95a15c', u'idBoard': u'5bc90376dd9b1466d5255e22', u'name': u'Data_Improvements'}, {u'color': u'red', u'id': u'5bc90376a724a908c08b213b', u'idBoard': u'5bc90376dd9b1466d5255e22', u'name': u'PI'}];;;5bcd8c4e42f2ef05402f2e67;5bcd1ac09408b66b4ddc82d9;[5b11207755e4e706bb81a64a];Done;PI
171;V1 Media Type - IMP add media_type dimension collect;[{u'color': None, u'id': u'5bcd1805a00a2101cc95a15c', u'idBoard': u'5bc90376dd9b1466d5255e22', u'name': u'Data_Improvements'}, {u'color': u'red', u'id': u'5bc90376a724a908c08b213b', u'idBoard': u'5bc90376dd9b1466d5255e22', u'name': u'PI'}];;;5bcd8c4ebbdc0219d646cbb6;5bcd1ac09408b66b4ddc82d9;[5b11207755e4e706bb81a64a];Done;PI
172;V1 Media Type - SMA add media_type dimension collect;[{u'color': None, u'id': u'5bcd1805a00a2101cc95a15c', u'idBoard': u'5bc90376dd9b1466d5255e22', u'name': u'Data_Improvements'}, {u'color': u'red', u'id': u'5bc90376a724a908c08b213b', u'idBoard': u'5bc90376dd9b1466d5255e22', u'name': u'PI'}];;;5bcd8c4e15c70636605984af;5bcd1ac09408b66b4ddc82d9;[5b11207755e4e706bb81a64a];Done;PI
173;V1 Media Type - IDX add media_type dimension collect;[{u'color': None, u'id': u'5bcd1805a00a2101cc95a15c', u'idBoard': u'5bc90376dd9b1466d5255e22', u'name': u'Data_Improvements'}, {u'color': u'red', u'id': u'5bc90376a724a908c08b213b', u'idBoard': u'5bc90376dd9b1466d5255e22', u'name': u'PI'}];;;5bcd8c4eeb24c92a49536ba3;5bcd1ac09408b66b4ddc82d9;[5b11207755e4e706bb81a64a];Done;PI
174;V1 Media Type - OPX add media_type dimension collect;[{u'color': None, u'id': u'5bcd1805a00a2101cc95a15c', u'idBoard': u'5bc90376dd9b1466d5255e22', u'name': u'Data_Improvements'}, {u'color': u'red', u'id': u'5bc90376a724a908c08b213b', u'idBoard': u'5bc90376dd9b1466d5255e22', u'name': u'PI'}];;;5bcd8c4ebbdc0219d646cbaf;5bcd1ac09408b66b4ddc82d9;[5b11207755e4e706bb81a64a];Done;PI
175;V1 Media Type - RXB add media_type dimension collect;[{u'color': None, u'id': u'5bcd1805a00a2101cc95a15c', u'idBoard': u'5bc90376dd9b1466d5255e22', u'name': u'Data_Improvements'}, {u'color': u'red', u'id': u'5bc90376a724a908c08b213b', u'idBoard': u'5bc90376dd9b1466d5255e22', u'name': u'PI'}];;;5bcd8c4eaaee256302ce9f30;5bcd1ac09408b66b4ddc82d9;[5b11207755e4e706bb81a64a];Done;PI
176;V1 Media Type - AXB add media_type dimension collect;[{u'color': None, u'id': u'5bcd1805a00a2101cc95a15c', u'idBoard': u'5bc90376dd9b1466d5255e22', u'name': u'Data_Improvements'}, {u'color': u'red', u'id': u'5bc90376a724a908c08b213b', u'idBoard': u'5bc90376dd9b1466d5255e22', u'name': u'PI'}];;;5bcd8c4e859fc85d5beef24f;5bcd1ac09408b66b4ddc82d9;[5b11207755e4e706bb81a64a];Done;PI
177;V1 Media Type - GDX add media_type dimension collect;[{u'color': None, u'id': u'5bcd1805a00a2101cc95a15c', u'idBoard': u'5bc90376dd9b1466d5255e22', u'name': u'Data_Improvements'}, {u'color': u'red', u'id': u'5bc90376a724a908c08b213b', u'idBoard': u'5bc90376dd9b1466d5255e22', u'name': u'PI'}];;;5bcd8c4d4007cc357d5adeae;5bcd1ac09408b66b4ddc82d9;[5b11207755e4e706bb81a64a];Done;PI
178;Manage display top elements;[{u'color': u'green', u'id': u'5bc90376a724a908c08b2138', u'idBoard': u'5bc90376dd9b1466d5255e22', u'name': u'Front'}];;;5bcf233a479e241cc7548c1b;5bcd1ac09408b66b4ddc82d9;[5b8d560e3a34d80351df5bc4];Done;Front
179;Sell Benchmark Key Metrics - App Coordination Metrics;[{u'color': None, u'id': u'5bcce83b65e8bc0f1e1abd97', u'idBoard': u'5bc90376dd9b1466d5255e22', u'name': u'Sell Launch'}, {u'color': u'green', u'id': u'5bc90376a724a908c08b2138', u'idBoard': u'5bc90376dd9b1466d5255e22', u'name': u'Front'}];;;5bcd8c4c323c62018057b544;5bcd1ac09408b66b4ddc82d9;[5b8e32c757c7a61b70ec8fe1];Done;Front
180;Sell Benchmark Key Metrics - App Coordination Metrics;[{u'color': None, u'id': u'5bcce83b65e8bc0f1e1abd97', u'idBoard': u'5bc90376dd9b1466d5255e22', u'name': u'Sell Launch'}, {u'color': u'green', u'id': u'5bc90376a724a908c08b2138', u'idBoard': u'5bc90376dd9b1466d5255e22', u'name': u'Front'}];;;5bcd8c4cbb8fb84784c8118d;5bcd1ac09408b66b4ddc82d9;[5b8e32c757c7a61b70ec8fe1];Done;Front
181;Sell Benchmark Key Metrics - App Coordination Other;[{u'color': None, u'id': u'5bcce83b65e8bc0f1e1abd97', u'idBoard': u'5bc90376dd9b1466d5255e22', u'name': u'Sell Launch'}, {u'color': u'green', u'id': u'5bc90376a724a908c08b2138', u'idBoard': u'5bc90376dd9b1466d5255e22', u'name': u'Front'}];;;5bcd8c4c9e7424724673c8f3;5bcd1ac09408b66b4ddc82d9;[5b8e32c757c7a61b70ec8fe1];Done;Front
182;Sell Benchmark Key Metrics - App Coordination Chart;[{u'color': None, u'id': u'5bcce83b65e8bc0f1e1abd97', u'idBoard': u'5bc90376dd9b1466d5255e22', u'name': u'Sell Launch'}, {u'color': u'green', u'id': u'5bc90376a724a908c08b2138', u'idBoard': u'5bc90376dd9b1466d5255e22', u'name': u'Front'}];;;5bcd8c4c15c7063660598488;5bcd1ac09408b66b4ddc82d9;[5b8e32c757c7a61b70ec8fe1];Done;Front
183;Sell Benchmark Scope - App Coordination Scope;[{u'color': None, u'id': u'5bcce83b65e8bc0f1e1abd97', u'idBoard': u'5bc90376dd9b1466d5255e22', u'name': u'Sell Launch'}, {u'color': u'green', u'id': u'5bc90376a724a908c08b2138', u'idBoard': u'5bc90376dd9b1466d5255e22', u'name': u'Front'}];;;5bcd8c4c7818f5845e735ebd;5bcd1ac09408b66b4ddc82d9;[5b8e32c757c7a61b70ec8fe1];Done;Front
184;Move to 2 decimal digits instead of 1 - Update Decimals;[{u'color': None, u'id': u'5bcd17f3644e280b6e0f26ed', u'idBoard': u'5bc90376dd9b1466d5255e22', u'name': u'Enhanced_UI'}, {u'color': u'green', u'id': u'5bc90376a724a908c08b2138', u'idBoard': u'5bc90376dd9b1466d5255e22', u'name': u'Front'}];;;5bcd8c4cba10400b07ee1685;5bcd1ac09408b66b4ddc82d9;[5b8d560e3a34d80351df5bc4];Done;Front
185;Sell Benchmark Ecosystem - Define Reason Format;[{u'color': None, u'id': u'5bcce83b65e8bc0f1e1abd97', u'idBoard': u'5bc90376dd9b1466d5255e22', u'name': u'Sell Launch'}, {u'color': u'blue', u'id': u'5bc90376a724a908c08b213f', u'idBoard': u'5bc90376dd9b1466d5255e22', u'name': u'Math'}];;;5bcddc4042f2ef05403489c7;5bcd1ac09408b66b4ddc82d9;[5b963d4ef166ad86c844d22e];Done;Math
186;PO-STX - sharethrough analysis (geo);[{u'color': u'blue', u'id': u'5bc90376a724a908c08b213f', u'idBoard': u'5bc90376dd9b1466d5255e22', u'name': u'Math'}, {u'color': None, u'id': u'5bcddc7397ddad4cfab2e5c6', u'idBoard': u'5bc90376dd9b1466d5255e22', u'name': u'Math_Project'}];;;5bcddc40c3bb7f724002fa32;5bcd1ac09408b66b4ddc82d9;[5b963d4ef166ad86c844d22e];Done;Math
187;1st Price optimisation - understand existing ANX log dimensions;[{u'color': u'blue', u'id': u'5bc90376a724a908c08b213f', u'idBoard': u'5bc90376dd9b1466d5255e22', u'name': u'Math'}, {u'color': None, u'id': u'5bcddc7397ddad4cfab2e5c6', u'idBoard': u'5bc90376dd9b1466d5255e22', u'name': u'Math_Project'}];;;5bcddc41aaee256302d0d44c;5bcd1ac09408b66b4ddc82d9;[5b39e80baf5fc1e9347aba49];Done;Math
188;Alerts - separate queue for market watch alerts;[{u'color': u'blue', u'id': u'5bc90376a724a908c08b213f', u'idBoard': u'5bc90376dd9b1466d5255e22', u'name': u'Math'}, {u'color': None, u'id': u'5bcddc7397ddad4cfab2e5c6', u'idBoard': u'5bc90376dd9b1466d5255e22', u'name': u'Math_Project'}];;;5bcddc414e900350a50e6f11;5bcd1ac09408b66b4ddc82d9;[5b963d4ef166ad86c844d22e];Done;Math
189;Sell Benchmark Ecosystem - Update Format;[{u'color': None, u'id': u'5bcce83b65e8bc0f1e1abd97', u'idBoard': u'5bc90376dd9b1466d5255e22', u'name': u'Sell Launch'}, {u'color': u'blue', u'id': u'5bc90376a724a908c08b213f', u'idBoard': u'5bc90376dd9b1466d5255e22', u'name': u'Math'}];;;5bcddc41c4edb064f35c673e;5bcd1ac09408b66b4ddc82d9;[5b963d4ef166ad86c844d22e];Done;Math
190;Mapping (detect-labels and stats) - refactor adk-detect-labels Zeppelin notebook to industrialised script;[{u'color': u'blue', u'id': u'5bc90376a724a908c08b213f', u'idBoard': u'5bc90376dd9b1466d5255e22', u'name': u'Math'}, {u'color': None, u'id': u'5bcddc7397ddad4cfab2e5c6', u'idBoard': u'5bc90376dd9b1466d5255e22', u'name': u'Math_Project'}];;;5bcddc41577ef92b0d66825f;5bcd1ac09408b66b4ddc82d9;[5b30a646cb66d55d1f7930fa, 5b39e80baf5fc1e9347aba49];Done;Math
191;Front Quality Test - Finish Implementation;[{u'color': None, u'id': u'5bcd1823ad660b2d03af4057', u'idBoard': u'5bc90376dd9b1466d5255e22', u'name': u'Quality_Test'}, {u'color': u'red', u'id': u'5bc90376a724a908c08b213b', u'idBoard': u'5bc90376dd9b1466d5255e22', u'name': u'PI'}];;;5bcd8c50ba10400b07ee16ac;5bcd1ac09408b66b4ddc82d9;[5b14fe940ea3caecf2730da7];Done;PI
192;Front Quality Test - Test and Validation;[{u'color': None, u'id': u'5bcd1823ad660b2d03af4057', u'idBoard': u'5bc90376dd9b1466d5255e22', u'name': u'Quality_Test'}, {u'color': u'red', u'id': u'5bc90376a724a908c08b213b', u'idBoard': u'5bc90376dd9b1466d5255e22', u'name': u'PI'}];;;5bcd8c4f4fbac71cb2f0efee;5bcd1ac09408b66b4ddc82d9;[5b14fe940ea3caecf2730da7];Done;PI
193;Force USD collect for GDX maths report;[{u'color': u'red', u'id': u'5bc90376a724a908c08b213b', u'idBoard': u'5bc90376dd9b1466d5255e22', u'name': u'PI'}, {u'color': None, u'id': u'5bcd18365b418c7815e2cb94', u'idBoard': u'5bc90376dd9b1466d5255e22', u'name': u'Currency'}];;;5bd1e93e276def13fa2803dd;5bcd1ac09408b66b4ddc82d9;[5b14fe940ea3caecf2730da7, 5b11207755e4e706bb81a64a];Done;PI
194;V2 Password reset management - Preproduction;[{u'color': None, u'id': u'5bcd17f3644e280b6e0f26ed', u'idBoard': u'5bc90376dd9b1466d5255e22', u'name': u'Enhanced_UI'}, {u'color': u'green', u'id': u'5bc90376a724a908c08b2138', u'idBoard': u'5bc90376dd9b1466d5255e22', u'name': u'Front'}];;;5bcd8c50bbdc0219d646cbd6;5bcd1ac09408b66b4ddc82d9;[5b8e32c757c7a61b70ec8fe1];Done;Front
195;V2 Password reset management - Update password rules;[{u'color': None, u'id': u'5bcd17f3644e280b6e0f26ed', u'idBoard': u'5bc90376dd9b1466d5255e22', u'name': u'Enhanced_UI'}, {u'color': u'green', u'id': u'5bc90376a724a908c08b2138', u'idBoard': u'5bc90376dd9b1466d5255e22', u'name': u'Front'}];;;5bcd8c4cc0650b2625c4dba8;5bcd1ac09408b66b4ddc82d9;[5b8e32c757c7a61b70ec8fe1];Done;Front
196;Sell Benchmark Key Metrics - App Coordination Metrics;[{u'color': None, u'id': u'5bcce83b65e8bc0f1e1abd97', u'idBoard': u'5bc90376dd9b1466d5255e22', u'name': u'Sell Launch'}, {u'color': u'yellow', u'id': u'5bc90376a724a908c08b2139', u'idBoard': u'5bc90376dd9b1466d5255e22', u'name': u'API'}];;;5bcd8c4c100703477e1b2403;5bcd1ac09408b66b4ddc82d9;[56dc2c4f70fac630d6edcb74, 5b8ced2a7d152a62d122b0fc];Done;API
197;Sell Benchmark Key Metrics - App Coordination Chart;[{u'color': None, u'id': u'5bcce83b65e8bc0f1e1abd97', u'idBoard': u'5bc90376dd9b1466d5255e22', u'name': u'Sell Launch'}, {u'color': u'yellow', u'id': u'5bc90376a724a908c08b2139', u'idBoard': u'5bc90376dd9b1466d5255e22', u'name': u'API'}];;;5bcd8c4c0591a301865d732d;5bcd1ac09408b66b4ddc82d9;[56dc2c4f70fac630d6edcb74, 5b8ced2a7d152a62d122b0fc];Done;API
198;Sell Benchmark Key Metrics - Preproduction;[{u'color': None, u'id': u'5bcce83b65e8bc0f1e1abd97', u'idBoard': u'5bc90376dd9b1466d5255e22', u'name': u'Sell Launch'}, {u'color': u'yellow', u'id': u'5bc90376a724a908c08b2139', u'idBoard': u'5bc90376dd9b1466d5255e22', u'name': u'API'}];;;5bcd8c4f30b54d354e234dd3;5bcd1ac09408b66b4ddc82d9;[56dc2c4f70fac630d6edcb74];Done;API
199;Prerequisites - Ansible script analysis;[{u'color': None, u'id': u'5bcd187103453c5308ca3c8b', u'idBoard': u'5bc90376dd9b1466d5255e22', u'name': u'Database'}, {u'color': u'purple', u'id': u'5bc90376a724a908c08b213e', u'idBoard': u'5bc90376dd9b1466d5255e22', u'name': u'OPS'}];;;5bcd8c4f15c70636605984bc;5bcd1ac09408b66b4ddc82d9;[5bbf0a92bdead05552cddcf0, 5bbf1bc2077d227007870298];Done;OPS
